Player,Season,Team,S/C,Pos,GP,G,A,P,+/-,PIM,P/GP,EVG,EVP,PPG,PPP,SHG,SHP,OTG,GWG,S,S%,TOI/GP,FOW%
Nikita Kucherov,20242025,TBL,L,R,78,37,84,121,22,45,1.55,29,75,8,46,0,0,1,9,265,14,21:11,50
Nathan MacKinnon,20242025,COL,R,C,79,32,84,116,25,41,1.47,23,78,9,38,0,0,1,5,320,10,22:47,49.9
Leon Draisaitl,20242025,EDM,L,C,71,52,54,106,32,34,1.49,36,73,16,33,0,0,6,11,240,21.7,21:31,54.4
David Pastrnak,20242025,BOS,R,R,82,43,63,106,0,42,1.29,34,83,9,23,0,0,3,4,319,13.5,20:11,37.5
Mitch Marner,20242025,TOR,R,R,81,27,75,102,18,14,1.26,20,67,6,33,1,2,3,7,173,15.6,21:19,29.4
Connor McDavid,20242025,EDM,L,C,67,26,74,100,20,37,1.49,17,69,9,31,0,0,0,3,196,13.3,22:02,47.7
Kyle Connor,20242025,WPG,L,L,82,41,56,97,17,25,1.18,30,67,9,28,2,2,2,8,267,15.4,20:24,12.5
Jack Eichel,20242025,VGK,R,C,77,28,66,94,32,8,1.22,22,58,5,34,1,2,0,3,233,12,20:32,45.6
Cale Makar,20242025,COL,R,D,80,30,62,92,28,14,1.15,16,54,12,35,2,3,1,4,246,12.2,25:43,--
Sidney Crosby,20242025,PIT,L,C,80,33,58,91,-20,31,1.14,21,64,12,27,0,0,4,10,227,14.5,20:22,57
Brandon Hagel,20242025,TBL,L,L,82,35,55,90,33,58,1.1,32,72,0,11,3,7,0,4,228,15.4,20:45,34.8
Clayton Keller,20242025,UTA,L,R,81,30,60,90,-12,28,1.11,20,53,10,37,0,0,1,5,218,13.8,19:07,33.3
Artemi Panarin,20242025,NYR,R,L,80,37,52,89,-9,16,1.11,29,63,8,26,0,0,0,3,237,15.6,19:41,0
Nick Suzuki,20242025,MTL,R,C,82,30,59,89,19,8,1.09,24,60,4,27,2,2,5,9,172,17.4,20:04,51.6
Mikko Rantanen,20242025,"COL,CAR,DAL",L,R,82,32,56,88,13,60,1.07,21,62,11,26,0,0,0,6,212,15.1,21:15,52.9
Jesper Bratt,20242025,NJD,L,L,81,21,67,88,5,18,1.09,15,50,4,34,2,4,0,2,180,11.7,18:57,0
Mark Scheifele,20242025,WPG,R,C,82,39,48,87,12,61,1.06,28,62,11,25,0,0,3,11,181,21.6,20:26,49.5
William Nylander,20242025,TOR,R,R,82,45,39,84,10,26,1.02,33,54,12,30,0,0,2,8,253,17.8,19:31,49.7
Martin Necas,20242025,"CAR,COL",R,C,79,27,56,83,5,16,1.05,15,46,12,37,0,0,0,8,194,13.9,19:00,37.8
Brayden Point,20242025,TBL,R,C,77,42,40,82,17,7,1.06,26,51,16,31,0,0,2,7,189,22.2,19:29,48.5
Matt Duchene,20242025,DAL,L,C,82,30,52,82,13,12,1,22,55,8,27,0,0,1,6,152,19.7,17:09,52.4
Dylan Strome,20242025,WSH,L,C,82,29,53,82,2,34,1,20,48,9,34,0,0,0,3,149,19.5,17:23,53.7
Zach Werenski,20242025,CBJ,L,D,81,23,59,82,12,31,1.01,17,54,5,25,1,3,2,5,298,7.7,26:45,--
Sam Reinhart,20242025,FLA,R,C,79,39,42,81,6,27,1.03,21,45,13,30,5,6,0,4,213,18.3,20:30,41.3
Robert Thomas,20242025,STL,R,C,70,21,60,81,20,20,1.16,17,61,3,19,1,1,1,5,145,14.5,19:57,54.8
Jake Guentzel,20242025,TBL,L,C,80,41,39,80,18,24,1,23,51,17,28,1,1,0,5,217,18.9,20:00,46.1
Jason Robertson,20242025,DAL,L,L,82,35,45,80,10,18,0.98,26,61,9,19,0,0,1,6,211,16.6,17:48,36.8
Lucas Raymond,20242025,DET,R,L,82,27,53,80,-15,18,0.98,18,42,8,37,1,1,1,5,192,14.1,18:47,12.5
Tim Stützle,20242025,OTT,L,C,82,24,55,79,0,46,0.96,19,46,5,33,0,0,2,2,162,14.8,19:49,47.8
Auston Matthews,20242025,TOR,L,C,67,33,45,78,11,20,1.16,21,51,10,25,2,2,1,2,261,12.6,20:28,56.8
Filip Forsberg,20242025,NSH,R,L,82,31,45,76,-27,44,0.93,21,50,10,26,0,0,0,3,281,11,18:38,23.5
Travis Konecny,20242025,PHI,R,R,82,24,52,76,-17,53,0.93,15,56,8,17,1,3,0,3,188,12.8,20:36,39
Quinn Hughes,20242025,VAN,L,D,68,16,60,76,2,29,1.12,12,47,4,29,0,0,0,3,192,8.3,25:44,--
John Tavares,20242025,TOR,L,C,75,38,36,74,10,46,0.99,26,54,12,20,0,0,1,8,200,19,18:14,58.3
Kirill Marchenko,20242025,CBJ,R,R,79,31,43,74,29,20,0.94,29,55,2,19,0,0,1,2,207,15,18:35,31.7
Sebastian Aho,20242025,CAR,L,C,79,29,45,74,7,46,0.94,21,44,5,23,3,7,5,9,207,14,20:06,55.3
Alex Ovechkin,20242025,WSH,R,L,65,44,29,73,15,14,1.12,30,51,14,22,0,0,1,7,237,18.6,17:43,0
Adrian Kempe,20242025,LAK,L,R,81,35,38,73,22,36,0.9,27,54,7,18,1,1,1,5,237,14.8,19:09,45.8
Matt Boldy,20242025,MIN,L,L,82,27,46,73,1,51,0.89,21,52,6,21,0,0,2,10,271,10,20:17,46.4
Tage Thompson,20242025,BUF,R,C,76,44,28,72,-2,35,0.95,37,56,7,16,0,0,0,6,242,18.2,18:45,42.8
Wyatt Johnston,20242025,DAL,R,C,82,33,38,71,2,14,0.87,19,43,11,25,3,3,1,4,202,16.3,18:56,51.2
Aleksander Barkov,20242025,FLA,L,C,67,20,51,71,1,16,1.06,10,39,9,28,1,4,2,4,149,13.4,20:15,56.5
Alex DeBrincat,20242025,DET,R,R,82,39,31,70,-13,29,0.85,26,41,13,29,0,0,1,4,244,16,17:52,44.8
Cole Caufield,20242025,MTL,R,R,82,37,33,70,9,14,0.85,27,53,10,17,0,0,1,8,240,15.4,18:05,40
Jordan Kyrou,20242025,STL,R,R,82,36,34,70,23,20,0.85,29,53,7,17,0,0,0,4,239,15.1,17:29,33.3
Rickard Rakell,20242025,PIT,R,R,81,35,35,70,-22,14,0.86,26,51,9,19,0,0,1,1,203,17.2,19:18,42.2
Dylan Larkin,20242025,DET,L,C,82,30,40,70,-16,40,0.85,17,43,13,27,0,0,0,3,234,12.8,20:04,54.5
Jack Hughes,20242025,NJD,L,C,62,27,43,70,12,18,1.13,20,41,6,27,1,2,2,7,229,11.8,20:54,37.6
J.T. Miller,20242025,"VAN,NYR",L,C,72,22,48,70,-6,55,0.97,17,44,5,22,0,4,1,2,137,16.1,18:12,58.3
Nico Hischier,20242025,NJD,L,C,75,35,34,69,9,20,0.92,21,38,14,29,0,2,0,3,187,18.7,20:23,55.5
JJ Peterka,20242025,BUF,L,R,77,27,41,68,-1,34,0.88,21,50,6,18,0,0,0,3,173,15.6,18:11,16.7
Drake Batherson,20242025,OTT,R,R,82,26,42,68,-9,30,0.83,13,37,13,31,0,0,0,3,192,13.5,18:09,50
Rasmus Dahlin,20242025,BUF,L,D,73,17,51,68,11,54,0.93,12,46,5,21,0,1,1,1,200,8.5,24:14,--
Alex Tuch,20242025,BUF,R,R,82,36,31,67,16,47,0.82,27,47,3,11,6,9,1,4,196,18.4,19:15,41
Nazem Kadri,20242025,CGY,L,C,82,35,32,67,-17,72,0.82,26,45,9,22,0,0,2,5,279,12.5,19:21,46.2
Seth Jarvis,20242025,CAR,R,C,73,32,35,67,12,16,0.92,20,41,7,19,5,7,0,2,204,15.7,19:21,34.2
Roope Hintz,20242025,DAL,L,C,76,28,39,67,18,30,0.88,20,45,7,20,1,2,0,7,160,17.5,16:53,53.9
Connor Bedard,20242025,CHI,R,C,82,23,44,67,-36,70,0.82,12,38,11,29,0,0,1,5,195,11.8,20:17,38.3
Anze Kopitar,20242025,LAK,L,C,81,21,46,67,14,4,0.83,17,44,4,22,0,1,0,7,98,21.4,18:57,57.2
Mark Stone,20242025,VGK,R,R,66,19,48,67,22,14,1.02,14,41,5,25,0,1,0,4,131,14.5,19:15,33.3
Evan Bouchard,20242025,EDM,R,D,82,14,53,67,14,32,0.82,11,41,3,26,0,0,1,2,235,6,23:28,--
Aliaksei Protas,20242025,WSH,L,C,76,30,36,66,40,18,0.87,27,60,0,1,3,5,1,6,142,21.1,16:27,24
Mikael Granlund,20242025,"SJS,DAL",L,C,83,22,44,66,0,28,0.8,16,46,5,19,1,1,1,4,169,13,19:27,49.6
Pierre-Luc Dubois,20242025,WSH,L,L,82,20,46,66,27,76,0.8,16,52,4,14,0,0,1,4,142,14.1,17:18,49.7
Victor Hedman,20242025,TBL,L,D,79,15,51,66,18,30,0.84,11,40,4,26,0,0,0,1,181,8.3,23:05,--
Lane Hutson,20242025,MTL,L,D,82,6,60,66,-2,34,0.8,5,40,1,26,0,0,0,0,91,6.6,22:44,--
Tom Wilson,20242025,WSH,R,R,81,33,32,65,20,100,0.8,20,43,11,17,2,5,2,6,169,19.5,18:44,26.3
Bryan Rust,20242025,PIT,R,R,71,31,34,65,-21,18,0.92,26,47,5,18,0,0,2,5,191,16.2,19:45,52.9
Logan Cooley,20242025,UTA,L,C,75,25,40,65,1,46,0.87,18,45,7,20,0,0,0,2,158,15.8,17:52,44.7
Dylan Holloway,20242025,STL,L,L,77,26,37,63,21,10,0.82,20,50,6,13,0,0,1,8,178,14.6,16:49,42.7
Matvei Michkov,20242025,PHI,L,R,80,26,37,63,-18,46,0.79,18,46,8,17,0,0,3,3,199,13.1,16:41,46.3
Macklin Celebrini,20242025,SJS,L,C,70,25,38,63,-31,28,0.9,17,41,8,22,0,0,1,4,236,10.6,19:47,48.2
Nikolaj Ehlers,20242025,WPG,L,L,69,24,39,63,14,17,0.91,18,41,6,22,0,0,2,5,174,13.8,15:48,26.3
Nick Schmaltz,20242025,UTA,R,C,82,20,43,63,-15,14,0.77,11,38,9,25,0,0,0,3,186,10.8,18:35,49.2
Ryan Donato,20242025,CHI,L,C,80,31,31,62,-15,41,0.78,26,48,5,14,0,0,0,3,182,17,16:19,44.6
Jonathan Huberdeau,20242025,CGY,L,L,81,28,34,62,-13,34,0.77,15,35,10,23,3,4,1,6,153,18.3,19:33,33.3
Mika Zibanejad,20242025,NYR,R,C,82,20,42,62,-22,22,0.76,13,37,7,19,0,6,0,0,183,10.9,18:46,52
Josh Morrissey,20242025,WPG,L,D,80,14,48,62,17,22,0.78,11,40,3,22,0,0,1,2,172,8.1,24:23,--
Tomas Hertl,20242025,VGK,L,C,73,32,29,61,-3,20,0.84,18,38,14,23,0,0,0,3,177,18.1,17:07,56
Gabriel Vilardi,20242025,WPG,R,C,71,27,34,61,9,14,0.86,15,36,12,25,0,0,0,6,130,20.8,18:08,49.3
Jared McCann,20242025,SEA,L,L,82,22,39,61,8,18,0.74,18,44,4,16,0,1,1,3,202,10.9,17:13,44.7
Adam Fox,20242025,NYR,R,D,74,10,51,61,9,32,0.82,8,40,1,18,1,3,0,2,135,7.4,23:15,--
Kevin Fiala,20242025,LAK,L,L,81,35,25,60,-7,38,0.74,21,35,14,25,0,0,0,6,244,14.3,18:31,40.5
Dylan Guenther,20242025,UTA,R,R,70,27,33,60,-4,26,0.86,15,31,12,29,0,0,3,9,204,13.2,17:00,34.5
Marco Rossi,20242025,MIN,L,C,82,24,36,60,3,26,0.73,17,44,7,16,0,0,2,3,136,17.7,18:15,46.8
Anthony Cirelli,20242025,TBL,L,C,80,27,32,59,30,28,0.74,20,47,3,5,4,7,0,2,160,16.9,18:41,50.1
Vincent Trocheck,20242025,NYR,R,C,82,26,33,59,0,44,0.72,15,40,5,12,6,7,1,7,202,12.9,21:06,59.3
Patrick Kane,20242025,DET,L,R,72,21,38,59,-16,12,0.82,9,30,12,29,0,0,2,6,175,12,17:59,38.5
Matthew Knies,20242025,TOR,L,L,78,29,29,58,7,43,0.74,24,42,5,15,0,1,1,6,152,19.1,18:31,0
William Eklund,20242025,SJS,L,L,77,17,41,58,-7,29,0.75,10,39,6,16,1,3,1,2,151,11.3,19:33,30.6
Teuvo Teravainen,20242025,CHI,L,C,82,15,43,58,-23,12,0.71,8,32,7,24,0,2,0,0,111,13.5,17:04,39.2
Morgan Geekie,20242025,BOS,R,C,77,33,24,57,3,22,0.74,29,48,4,9,0,0,0,4,150,22,16:55,46.5
Bo Horvat,20242025,NYI,L,C,81,28,29,57,-4,16,0.7,23,48,3,7,2,2,3,7,243,11.5,20:10,58.2
Connor McMichael,20242025,WSH,L,C,82,26,31,57,19,49,0.7,22,46,4,10,0,1,0,5,177,14.7,16:49,46.8
Kent Johnson,20242025,CBJ,L,C,68,24,33,57,2,16,0.84,19,39,4,15,1,3,0,4,123,19.5,17:18,0
Matthew Tkachuk,20242025,FLA,L,L,52,22,35,57,-3,54,1.1,11,34,11,23,0,0,0,2,156,14.1,18:14,20
Pavel Buchnevich,20242025,STL,L,L,76,20,37,57,10,23,0.75,18,43,2,12,0,2,0,3,145,13.8,19:02,37.3
Sean Monahan,20242025,CBJ,L,C,54,19,38,57,19,20,1.06,12,40,7,14,0,3,0,2,128,14.8,19:01,52.6
Jake Sanderson,20242025,OTT,L,D,80,11,46,57,-14,12,0.71,6,23,5,30,0,4,1,4,195,5.6,24:27,--
Shea Theodore,20242025,VGK,L,D,67,7,50,57,18,26,0.85,5,38,2,19,0,0,0,2,128,5.5,22:00,--
Brock Nelson,20242025,"NYI,COL",L,C,80,26,30,56,8,18,0.7,20,46,3,7,3,3,1,7,193,13.5,18:55,52.1
Kirill Kaprizov,20242025,MIN,L,L,41,25,31,56,19,16,1.37,21,42,4,14,0,0,2,5,145,17.2,22:28,0
Jonathan Marchessault,20242025,NSH,R,R,78,21,35,56,-29,37,0.72,17,33,4,23,0,0,1,4,206,10.2,17:59,25.4
Brady Tkachuk,20242025,OTT,L,L,72,29,26,55,0,123,0.76,15,32,14,23,0,0,4,5,296,9.8,18:14,51.3
Troy Terry,20242025,ANA,R,R,77,21,34,55,0,20,0.71,17,44,4,11,0,0,1,4,188,11.2,18:51,37.5
Adam Fantilli,20242025,CBJ,L,C,82,31,23,54,4,18,0.66,28,48,2,4,1,2,0,3,191,16.2,17:29,41.2
Tyler Toffoli,20242025,SJS,R,C,78,30,24,54,-21,14,0.69,24,39,6,15,0,0,0,1,233,12.9,16:56,54.2
Anders Lee,20242025,NYI,L,L,82,29,25,54,3,35,0.66,24,45,5,9,0,0,0,3,233,12.5,17:04,44.4
Quinton Byfield,20242025,LAK,L,R,81,23,31,54,16,46,0.67,19,46,3,7,1,1,3,4,157,14.7,18:37,44.1
Mats Zuccarello,20242025,MIN,L,R,69,19,35,54,0,22,0.78,16,38,3,16,0,0,1,6,151,12.6,19:39,40
Steven Stamkos,20242025,NSH,R,C,82,27,26,53,-36,48,0.65,13,32,14,21,0,0,1,6,174,15.5,18:00,49.9
Timo Meier,20242025,NJD,L,R,80,26,27,53,7,58,0.66,19,40,7,13,0,0,0,5,239,10.9,17:52,30.8
Ryan O'Reilly,20242025,NSH,L,C,79,21,32,53,-23,24,0.67,12,36,9,17,0,0,0,3,151,13.9,18:59,55.7
Jason Zucker,20242025,BUF,L,L,73,21,32,53,4,57,0.73,10,32,11,21,0,0,0,4,143,14.7,16:00,39.6
Carter Verhaeghe,20242025,FLA,L,C,81,20,33,53,-14,46,0.65,15,37,5,16,0,0,0,5,242,8.3,17:52,36.4
Ryan McLeod,20242025,BUF,L,C,79,20,33,53,13,16,0.67,17,45,0,2,3,6,0,2,97,20.6,16:50,52.3
Mikhail Sergachev,20242025,UTA,L,D,77,15,38,53,-8,32,0.69,11,29,3,23,1,1,2,3,132,11.4,25:07,--
Erik Karlsson,20242025,PIT,R,D,82,11,42,53,-24,20,0.65,9,38,2,15,0,0,1,1,191,5.8,23:14,--
Pavel Dorofeyev,20242025,VGK,L,L,82,35,17,52,2,30,0.63,22,35,13,17,0,0,0,7,254,13.8,16:32,18.8
Mason McTavish,20242025,ANA,L,C,76,22,30,52,0,38,0.68,16,40,6,12,0,0,1,2,180,12.2,16:53,50.7
Sam Bennett,20242025,FLA,L,C,76,25,26,51,-15,90,0.67,18,40,7,11,0,0,1,4,241,10.4,17:27,46.3
Brad Marchand,20242025,"BOS,FLA",L,L,71,23,28,51,-7,64,0.72,18,37,5,13,0,1,2,5,194,11.9,18:19,38.5
Ivan Barbashev,20242025,VGK,L,C,70,23,28,51,26,10,0.73,21,48,2,3,0,0,1,3,111,20.7,16:48,36.4
Juraj Slafkovský,20242025,MTL,L,L,79,18,33,51,4,45,0.65,13,41,5,10,0,0,0,1,133,13.5,17:21,26.3
Chandler Stephenson,20242025,SEA,L,C,78,13,38,51,-9,24,0.65,10,31,1,18,2,2,0,1,73,17.8,19:31,51.6
John Carlson,20242025,WSH,R,D,79,5,46,51,17,22,0.65,4,37,1,14,0,0,0,0,167,3,23:34,--
Brock Boeser,20242025,VAN,R,R,75,25,25,50,-25,16,0.67,16,30,9,20,0,0,0,3,145,17.2,18:10,27.3
Conor Garland,20242025,VAN,R,R,81,19,31,50,-13,52,0.62,12,34,7,16,0,0,2,4,171,11.1,18:39,27.8
Brayden Schenn,20242025,STL,L,C,82,18,32,50,3,61,0.61,16,43,2,7,0,0,2,5,145,12.4,17:34,52.3
Cole Perfetti,20242025,WPG,L,C,82,18,32,50,14,20,0.61,13,35,5,15,0,0,0,2,143,12.6,15:11,31.3
Evgeni Malkin,20242025,PIT,L,C,68,16,34,50,-24,42,0.74,12,34,4,16,0,0,1,3,125,12.8,17:47,45.8
Thomas Harley,20242025,DAL,L,D,78,16,34,50,32,16,0.64,15,35,1,15,0,0,2,3,171,9.4,23:23,--
Claude Giroux,20242025,OTT,R,R,81,15,35,50,-8,18,0.62,11,31,4,18,0,1,0,3,138,10.9,18:12,61.5
Jaden Schwartz,20242025,SEA,L,C,81,26,23,49,-6,24,0.6,20,39,6,10,0,0,0,6,194,13.4,17:53,50
Ryan Nugent-Hopkins,20242025,EDM,L,C,78,20,29,49,4,24,0.63,11,27,7,20,2,2,1,5,164,12.2,18:58,48.5
Jamie Benn,20242025,DAL,L,L,80,16,33,49,3,70,0.61,15,39,1,10,0,0,1,4,136,11.8,15:18,56
Jake DeBrusk,20242025,VAN,L,L,82,28,20,48,-15,18,0.59,14,29,14,19,0,0,2,4,171,16.4,16:39,37.9
Kyle Palmieri,20242025,NYI,R,C,82,24,24,48,-17,20,0.59,19,38,5,9,0,1,0,2,169,14.2,18:31,39.4
Andrei Svechnikov,20242025,CAR,L,R,72,20,28,48,-8,59,0.67,10,30,10,18,0,0,0,2,180,11.1,17:07,25
Matt Coronato,20242025,CGY,R,R,77,24,23,47,6,25,0.61,19,30,5,17,0,0,1,4,180,13.3,17:35,42.8
Dmitri Voronkov,20242025,CBJ,L,L,73,23,24,47,17,55,0.64,15,36,8,11,0,0,0,1,154,14.9,16:47,41.6
Mason Marchment,20242025,DAL,L,L,62,22,25,47,15,53,0.76,17,37,5,10,0,0,0,4,134,16.4,15:20,48
Jakob Chychrun,20242025,WSH,L,D,74,20,27,47,17,52,0.64,15,32,5,15,0,0,1,6,179,11.2,21:04,--
Elias Lindholm,20242025,BOS,R,C,82,17,30,47,-4,14,0.57,14,30,2,14,1,3,0,3,152,11.2,18:05,55.2
Dylan Cozens,20242025,"BUF,OTT",R,C,82,16,31,47,-17,68,0.57,11,35,5,12,0,0,0,2,188,8.5,17:04,50.6
Pavel Zacha,20242025,BOS,L,C,82,14,33,47,-8,21,0.57,10,37,2,7,2,3,2,5,132,10.6,19:04,53.2
MacKenzie Weegar,20242025,CGY,R,D,81,8,39,47,18,33,0.58,4,24,4,21,0,2,0,0,184,4.4,24:10,0
Pius Suter,20242025,VAN,L,C,81,25,21,46,2,18,0.57,22,39,2,5,1,2,0,3,138,18.1,17:21,42.6
Warren Foegele,20242025,LAK,L,L,82,24,22,46,36,24,0.56,23,44,1,2,0,0,0,7,199,12.1,16:10,40.7
Tyler Bertuzzi,20242025,CHI,L,L,82,23,23,46,-39,51,0.56,13,26,10,20,0,0,0,1,131,17.6,16:00,46.8
Jake Neighbours,20242025,STL,L,L,82,22,24,46,0,56,0.56,16,34,6,12,0,0,1,3,122,18,15:54,27.8
Oliver Bjorkstrand,20242025,"SEA,TBL",R,R,79,21,25,46,2,18,0.58,16,34,5,12,0,0,0,2,154,13.6,15:09,30
Barrett Hayton,20242025,UTA,L,C,82,20,26,46,-6,45,0.56,13,31,7,15,0,0,0,7,155,12.9,16:06,54.1
Moritz Seider,20242025,DET,R,D,82,8,38,46,-5,40,0.56,4,22,4,24,0,0,0,0,162,4.9,25:04,--
Artturi Lehkonen,20242025,COL,L,L,69,27,18,45,36,34,0.65,25,39,1,5,1,1,0,5,148,18.2,20:23,43.8
Frank Vatrano,20242025,ANA,L,R,81,21,24,45,-9,80,0.56,17,39,3,5,1,1,0,1,234,9,17:33,47.1
Simon Holmstrom,20242025,NYI,L,R,75,20,25,45,5,8,0.6,17,35,2,6,1,4,0,3,96,20.8,16:52,20
Will Cuylle,20242025,NYR,L,L,82,20,25,45,12,42,0.55,16,39,2,3,2,3,0,3,152,13.2,15:05,33.3
Leo Carlsson,20242025,ANA,L,C,76,20,25,45,6,14,0.59,15,36,4,7,1,2,2,5,114,17.5,16:14,41.4
Will Smith,20242025,SJS,R,C,74,18,27,45,-15,18,0.61,13,33,5,12,0,0,0,1,127,14.2,15:51,36.5
Alexis Lafrenière,20242025,NYR,L,L,82,17,28,45,-13,38,0.55,15,41,2,4,0,0,0,4,153,11.1,17:00,33.3
Anton Lundell,20242025,FLA,L,C,79,17,28,45,17,36,0.57,13,37,2,6,2,2,0,1,158,10.8,16:43,53
Sean Couturier,20242025,PHI,L,C,79,15,30,45,1,41,0.57,14,41,1,4,0,0,1,2,155,9.7,17:18,56.1
Elias Pettersson,20242025,VAN,L,C,64,15,30,45,-10,14,0.7,8,29,7,16,0,0,0,1,109,13.8,18:40,47.5
Thomas Chabot,20242025,OTT,L,D,80,9,36,45,17,24,0.56,8,37,1,8,0,0,1,1,179,5,23:01,--
Shayne Gostisbehere,20242025,CAR,L,D,70,7,38,45,1,52,0.64,3,18,4,27,0,0,0,0,122,5.7,18:31,--
Zach Hyman,20242025,EDM,R,L,73,27,17,44,9,32,0.6,21,32,6,12,0,0,1,7,210,12.9,18:53,40
Cutter Gauthier,20242025,ANA,L,L,82,20,24,44,8,20,0.54,18,38,2,6,0,0,2,3,190,10.5,14:09,37.5
Shane Wright,20242025,SEA,R,C,79,19,25,44,4,18,0.56,12,31,7,13,0,0,0,2,91,20.9,14:04,44.5
Kaapo Kakko,20242025,"NYR,SEA",L,R,79,14,30,44,-2,38,0.56,10,36,4,8,0,0,0,2,117,12,15:37,50
Devon Toews,20242025,COL,L,D,76,10,34,44,30,26,0.58,9,41,1,3,0,0,2,4,138,7.3,24:35,--
Luke Hughes,20242025,NJD,L,D,71,7,37,44,-9,16,0.62,7,28,0,16,0,0,0,1,121,5.8,21:09,0
Tyson Foerster,20242025,PHI,R,R,81,25,18,43,-9,49,0.53,19,35,6,8,0,0,0,2,142,17.6,16:52,0
Owen Tippett,20242025,PHI,R,R,77,20,23,43,-12,16,0.56,20,36,0,7,0,0,1,2,188,10.6,16:00,38.9
Matty Beniers,20242025,SEA,L,C,82,20,23,43,0,14,0.52,15,34,5,9,0,0,1,2,147,13.6,18:41,47.7
Jackson LaCombe,20242025,ANA,L,D,75,14,29,43,0,28,0.57,12,33,2,9,0,1,0,2,134,10.5,22:18,0
Phillip Danault,20242025,LAK,L,C,80,8,35,43,20,26,0.54,7,41,1,1,0,1,0,3,123,6.5,17:40,52.2
Alex Laferriere,20242025,LAK,R,R,77,19,23,42,22,20,0.55,17,38,2,4,0,0,0,4,193,9.8,16:32,37.1
Taylor Hall,20242025,"CHI,CAR",L,L,77,18,24,42,-14,36,0.55,13,33,5,9,0,0,0,3,144,12.5,15:10,46.2
Jean-Gabriel Pageau,20242025,NYI,R,C,79,14,28,42,4,23,0.53,11,33,2,5,1,4,0,1,120,11.7,17:00,59.6
Stefan Noesen,20242025,NJD,R,R,78,22,19,41,-8,54,0.53,11,26,11,15,0,0,1,5,165,13.3,15:56,48.2
Nick Paul,20242025,TBL,L,L,76,22,19,41,13,30,0.54,20,35,2,5,0,1,1,3,141,15.6,16:27,50
Fabian Zetterlund,20242025,"SJS,OTT",R,L,84,19,22,41,7,14,0.49,14,34,5,7,0,0,0,0,181,10.5,16:21,59.6
Brandon Montour,20242025,SEA,R,D,81,18,23,41,-22,70,0.51,13,30,5,11,0,0,1,4,231,7.8,22:59,--
Bobby Brink,20242025,PHI,R,R,79,12,29,41,-11,22,0.52,10,37,2,4,0,0,0,2,105,11.4,14:50,29.8
Ryan Strome,20242025,ANA,R,C,82,10,31,41,-3,70,0.5,10,35,0,6,0,0,0,3,137,7.3,16:41,41.7
Morgan Rielly,20242025,TOR,L,D,82,7,34,41,-8,21,0.5,6,26,1,14,0,1,1,2,126,5.6,21:23,--
Brett Howden,20242025,VGK,L,C,80,23,17,40,17,46,0.5,22,39,0,0,1,1,1,4,125,18.4,14:52,52.7
Evgenii Dadonov,20242025,DAL,L,R,80,20,20,40,1,10,0.5,15,33,5,7,0,0,0,2,123,16.3,13:32,--
Kiefer Sherwood,20242025,VAN,R,L,78,19,21,40,-1,35,0.51,18,36,0,2,1,2,1,6,141,13.5,14:53,42.9
Trevor Moore,20242025,LAK,L,L,71,18,22,40,17,14,0.56,16,36,1,3,1,1,0,2,153,11.8,16:53,8.3
Casey Mittelstadt,20242025,"COL,BOS",L,C,81,15,25,40,-29,24,0.49,12,27,3,13,0,0,0,3,105,14.3,17:04,44.2
Reilly Smith,20242025,"NYR,VGK",L,R,79,13,27,40,10,24,0.51,9,31,2,6,2,3,1,4,129,10.1,15:26,36.4
Cam Fowler,20242025,"ANA,STL",L,D,68,9,31,40,12,14,0.59,7,32,2,8,0,0,1,1,88,10.2,21:33,--
Dougie Hamilton,20242025,NJD,R,D,64,9,31,40,8,30,0.63,4,25,5,15,0,0,0,3,186,4.8,19:51,--
Jake Walman,20242025,"SJS,EDM",L,D,65,7,33,40,4,42,0.62,7,31,0,8,0,1,0,1,164,4.3,22:46,--
Owen Power,20242025,BUF,L,D,79,7,33,40,-13,16,0.51,6,34,1,6,0,0,0,0,139,5,21:19,--
Matt Grzelcyk,20242025,PIT,L,D,82,1,39,40,-6,16,0.49,1,25,0,15,0,0,0,0,94,1.1,20:37,--
Jack Roslovic,20242025,CAR,R,C,81,22,17,39,-10,10,0.48,21,37,1,2,0,0,0,2,139,15.8,13:49,54.1
Blake Coleman,20242025,CGY,L,L,82,15,24,39,-2,36,0.48,10,31,4,5,1,3,0,4,194,7.7,17:41,48.1
Jack Quinn,20242025,BUF,R,R,74,15,24,39,-18,18,0.53,12,26,3,13,0,0,0,3,123,12.2,14:52,14.3
Vince Dunn,20242025,SEA,L,D,62,11,28,39,-3,33,0.63,9,27,2,12,0,0,1,3,137,8,22:05,--
Noah Hanifin,20242025,VGK,L,D,80,10,29,39,8,14,0.49,8,29,2,10,0,0,0,2,145,6.9,21:33,--
Neal Pionk,20242025,WPG,R,D,69,10,29,39,21,44,0.57,6,26,4,12,0,1,1,2,123,8.1,22:04,--
Noah Dobson,20242025,NYI,R,D,71,10,29,39,-16,28,0.55,9,26,1,12,0,1,0,1,196,5.1,23:16,--
Brendan Gallagher,20242025,MTL,R,R,82,21,17,38,-6,39,0.46,16,31,5,7,0,0,0,1,148,14.2,13:55,0
Michael Bunting,20242025,"PIT,NSH",L,L,76,19,19,38,-19,68,0.5,8,21,11,17,0,0,0,1,155,12.3,15:32,38.5
Logan Stankoven,20242025,"DAL,CAR",R,C,78,14,24,38,-1,18,0.49,12,30,2,8,0,0,0,5,194,7.2,15:05,45.1
Vladislav Namestnikov,20242025,WPG,L,C,78,11,27,38,20,38,0.49,9,26,2,11,0,1,0,1,94,11.7,15:05,46.1
Roman Josi,20242025,NSH,L,D,53,9,29,38,-26,18,0.72,7,21,2,17,0,0,0,1,150,6,25:02,--
Bowen Byram,20242025,BUF,L,D,82,7,31,38,11,46,0.46,7,35,0,2,0,1,0,2,94,7.5,22:42,--
Shane Pinto,20242025,OTT,R,C,70,21,16,37,10,26,0.53,17,30,1,2,3,5,0,5,127,16.5,17:33,50.1
Alex Killorn,20242025,ANA,L,L,82,19,18,37,12,30,0.45,18,32,0,3,1,2,1,5,134,14.2,17:17,38.1
Marco Kasper,20242025,DET,L,C,77,19,18,37,1,34,0.48,17,33,2,4,0,0,1,3,145,13.1,15:27,44.9
Frederick Gaudreau,20242025,MIN,R,C,82,18,19,37,-2,8,0.45,13,32,5,5,0,0,0,2,110,16.4,15:40,48.2
Nino Niederreiter,20242025,WPG,L,R,82,17,20,37,16,24,0.45,13,26,4,11,0,0,0,3,150,11.3,14:51,43.5
Noah Cates,20242025,PHI,L,L,78,16,21,37,3,14,0.47,15,34,1,3,0,0,0,2,110,14.6,15:53,44.6
Morgan Frost,20242025,"PHI,CGY",L,C,81,14,23,37,-17,22,0.46,12,22,2,15,0,0,0,2,144,9.7,15:45,51.2
Jonathan Drouin,20242025,COL,L,L,43,11,26,37,4,6,0.86,8,25,3,12,0,0,0,2,56,19.6,18:11,40.9
Andrei Kuzmenko,20242025,"CGY,PHI,LAK",R,L,66,11,26,37,-6,14,0.56,7,24,4,13,0,0,0,4,83,13.3,15:38,100
Andre Burakovsky,20242025,SEA,L,L,79,10,27,37,-3,12,0.47,10,29,0,8,0,0,0,1,115,8.7,14:25,50
Darren Raddysh,20242025,TBL,R,D,73,6,31,37,9,14,0.51,4,28,2,9,0,0,0,0,108,5.6,17:18,--
Dawson Mercer,20242025,NJD,R,C,82,19,17,36,4,16,0.44,12,27,6,8,1,1,0,3,141,13.5,17:53,40.5
Zack Bolduc,20242025,STL,L,R,72,19,17,36,20,37,0.5,12,24,7,12,0,0,0,0,120,15.8,12:48,35.7
James van Riemsdyk,20242025,CBJ,L,L,71,16,20,36,-4,23,0.51,15,34,1,2,0,0,0,2,85,18.8,12:24,30
Colton Parayko,20242025,STL,R,D,64,16,20,36,12,8,0.56,14,33,1,1,1,2,1,4,125,12.8,23:45,--
Jordan Martinook,20242025,CAR,L,L,79,15,21,36,16,18,0.46,15,35,0,0,0,1,0,3,112,13.4,15:18,48.6
Jordan Staal,20242025,CAR,L,C,75,13,23,36,15,16,0.48,11,34,0,0,2,2,0,3,107,12.2,15:26,54.5
Jake Evans,20242025,MTL,R,C,82,13,23,36,1,10,0.44,10,30,0,0,3,6,0,5,80,16.3,15:33,52.9
Seth Jones,20242025,"CHI,FLA",R,D,63,9,27,36,-24,22,0.57,4,17,5,19,0,0,0,2,129,7,24:38,--
Eeli Tolvanen,20242025,SEA,L,R,81,23,12,35,3,23,0.43,21,30,2,5,0,0,0,3,137,16.8,14:19,45.5
Joshua Norris,20242025,"OTT,BUF",L,C,56,21,14,35,-6,44,0.63,12,20,6,11,3,4,1,5,96,21.9,18:21,53.9
Charlie Coyle,20242025,"BOS,COL",R,C,83,17,18,35,-9,24,0.42,13,27,3,7,1,1,0,3,115,14.8,16:59,48.6
Nick Foligno,20242025,CHI,L,L,78,15,20,35,-17,48,0.45,11,29,2,4,2,2,0,1,104,14.4,15:55,48.4
Alexander Wennberg,20242025,SJS,L,C,77,10,25,35,-21,14,0.45,7,25,3,10,0,0,2,2,82,12.2,18:51,47.5
Maxim Tsyplakov,20242025,NYI,L,R,77,10,25,35,4,39,0.45,9,32,1,3,0,0,0,1,116,8.6,14:58,43.5
Valeri Nichushkin,20242025,COL,L,R,43,21,13,34,11,8,0.79,16,26,5,8,0,0,0,0,118,17.8,19:44,50
Ilya Mikheyev,20242025,CHI,L,R,80,20,14,34,4,16,0.43,17,31,0,0,3,3,0,3,138,14.5,15:41,8.3
Bobby McMann,20242025,TOR,L,C,74,20,14,34,12,27,0.46,17,28,3,6,0,0,0,5,169,11.8,14:30,19.1
Jackson Blake,20242025,CAR,R,R,80,17,17,34,10,30,0.43,12,27,5,7,0,0,0,6,142,12,13:51,50
Adam Lowry,20242025,WPG,L,C,73,16,18,34,18,28,0.47,16,32,0,0,0,2,1,4,99,16.2,15:26,51.8
Ridly Greig,20242025,OTT,L,C,78,13,21,34,-11,60,0.44,8,21,3,9,2,4,0,2,119,10.9,17:05,54.7
Marcus Johansson,20242025,MIN,L,L,72,11,23,34,-7,12,0.47,9,27,1,6,1,1,0,1,121,9.1,16:23,25
Patrik Laine,20242025,MTL,R,L,52,20,13,33,-14,14,0.63,5,14,15,19,0,0,1,5,116,17.2,14:18,44
Christian Dvorak,20242025,MTL,L,C,82,12,21,33,-5,16,0.4,11,31,1,2,0,0,0,0,104,11.5,15:15,55.8
Jesperi Kotkaniemi,20242025,CAR,L,C,78,12,21,33,9,50,0.42,12,32,0,1,0,0,0,1,115,10.4,14:04,51.8
Vladimir Tarasenko,20242025,DET,L,R,80,11,22,33,-13,6,0.41,10,25,1,8,0,0,0,1,133,8.3,14:47,0
Cole Sillinger,20242025,CBJ,L,C,66,11,22,33,-11,35,0.5,8,28,2,3,1,2,1,2,129,8.5,16:55,46.2
Brady Skjei,20242025,NSH,L,D,82,10,23,33,-24,42,0.4,8,23,2,10,0,0,0,1,156,6.4,21:53,--
Mattias Ekholm,20242025,EDM,L,D,65,9,24,33,11,30,0.51,6,26,3,7,0,0,1,1,143,6.3,22:12,--
Max Domi,20242025,TOR,L,C,74,8,25,33,5,76,0.45,8,26,0,7,0,0,0,1,93,8.6,14:10,50.2
Ivan Provorov,20242025,CBJ,L,D,82,7,26,33,11,31,0.4,5,27,1,3,1,3,0,0,100,7,23:21,--
Darnell Nurse,20242025,EDM,L,D,76,5,28,33,11,72,0.43,4,30,0,2,1,1,1,1,188,2.7,22:22,--
Filip Hronek,20242025,VAN,R,D,61,5,28,33,0,40,0.54,5,26,0,7,0,0,0,0,83,6,23:54,100
Mason Lohrei,20242025,BOS,L,D,77,5,28,33,-43,16,0.43,4,17,1,16,0,0,0,0,92,5.4,19:32,--
Brandt Clarke,20242025,LAK,R,D,78,5,28,33,13,46,0.42,3,24,2,9,0,0,0,0,131,3.8,16:17,--
Alex Pietrangelo,20242025,VGK,R,D,71,4,29,33,11,16,0.46,4,29,0,2,0,2,0,1,123,3.3,22:24,--
Aaron Ekblad,20242025,FLA,R,D,56,3,30,33,11,53,0.59,3,20,0,11,0,2,0,2,106,2.8,23:31,--
Mathieu Olivier,20242025,CBJ,R,R,82,18,14,32,-4,139,0.39,17,30,0,0,1,2,0,5,111,16.2,14:28,38.9
Yegor Sharangovich,20242025,CGY,L,C,73,17,15,32,-9,8,0.44,11,23,5,8,1,1,0,2,128,13.3,16:39,46.1
Mikael Backlund,20242025,CGY,L,C,76,15,17,32,4,32,0.42,13,25,1,6,1,1,0,3,175,8.6,18:44,48.4
Evan Rodrigues,20242025,FLA,R,C,82,15,17,32,-4,38,0.39,11,25,4,7,0,0,0,1,161,9.3,15:13,45
Eric Robinson,20242025,CAR,L,L,82,14,18,32,14,10,0.39,14,32,0,0,0,0,0,1,110,12.7,12:16,21.2
Trevor Zegras,20242025,ANA,L,C,57,12,20,32,-8,23,0.56,11,28,1,4,0,0,0,1,98,12.2,17:02,36.6
J.T. Compher,20242025,DET,R,L,76,11,21,32,-7,24,0.42,6,23,5,9,0,0,0,3,98,11.2,16:41,45.1
Luke Evangelista,20242025,NSH,R,R,68,10,22,32,-2,22,0.47,9,27,1,5,0,0,0,1,134,7.5,13:52,0
Jared Spurgeon,20242025,MIN,R,D,66,7,25,32,8,14,0.48,6,23,1,9,0,0,1,3,107,6.5,20:27,--
Justin Faulk,20242025,STL,R,D,78,4,28,32,-9,30,0.41,3,20,1,12,0,0,0,1,124,3.2,22:27,--
Nicolas Roy,20242025,VGK,R,C,71,15,16,31,-4,43,0.44,13,27,2,4,0,0,0,3,107,14,15:13,47.7
Alex Iafallo,20242025,WPG,L,L,82,15,16,31,21,15,0.38,9,21,6,10,0,0,0,2,109,13.8,13:17,48
Mackie Samoskevich,20242025,FLA,R,R,72,15,16,31,-4,12,0.43,11,20,4,11,0,0,0,5,129,11.6,13:19,0
Scott Laughton,20242025,"PHI,TOR",L,C,80,13,18,31,-18,32,0.39,12,29,0,0,1,2,1,2,125,10.4,14:36,50.8
Ryan Poehling,20242025,PHI,L,C,68,12,19,31,-4,16,0.46,10,27,2,3,0,1,0,1,71,16.9,13:53,50.9
Gustav Forsling,20242025,FLA,L,D,80,11,20,31,33,16,0.39,10,28,0,1,1,2,1,1,195,5.6,22:57,--
Rasmus Andersson,20242025,CGY,R,D,81,11,20,31,-38,60,0.38,8,22,3,9,0,0,0,1,163,6.8,23:59,--
Yanni Gourde,20242025,"SEA,TBL",L,C,57,7,24,31,-1,52,0.54,7,30,0,1,0,0,0,2,75,9.3,16:03,49.6
Simon Edvinsson,20242025,DET,L,D,78,7,24,31,12,67,0.4,7,30,0,0,0,1,1,3,86,8.1,21:07,--
Mike Matheson,20242025,MTL,L,D,80,6,25,31,-6,51,0.39,5,20,1,10,0,1,1,1,149,4,25:05,--
Ryan McDonagh,20242025,TBL,L,D,82,4,27,31,43,22,0.38,3,27,0,1,1,3,0,2,78,5.1,20:22,--
Chris Kreider,20242025,NYR,L,L,68,22,8,30,-5,24,0.44,12,19,6,7,4,4,0,6,152,14.5,16:45,39.7
Corey Perry,20242025,EDM,R,R,81,19,11,30,12,61,0.37,15,23,4,7,0,0,0,4,100,19,11:56,51.5
Brandon Saad,20242025,"STL,VGK",L,L,72,13,17,30,-8,6,0.42,13,27,0,3,0,0,0,1,127,10.2,14:49,28
Connor Brown,20242025,EDM,R,R,82,13,17,30,9,10,0.37,12,28,0,0,1,2,1,4,123,10.6,14:01,36.4
Keegan Kolesar,20242025,VGK,R,R,82,12,18,30,3,53,0.37,12,29,0,0,0,1,0,3,88,13.6,13:12,33.3
Kris Letang,20242025,PIT,R,D,74,9,21,30,-15,52,0.41,4,17,4,12,1,1,0,0,164,5.5,23:32,--
Travis Sanheim,20242025,PHI,L,D,82,8,22,30,-6,40,0.37,8,26,0,2,0,2,0,0,139,5.8,24:30,--
Vladislav Gavrikov,20242025,LAK,L,D,82,5,25,30,26,28,0.37,5,29,0,0,0,1,0,0,112,4.5,23:05,--
Rasmus Sandin,20242025,WSH,L,D,82,4,26,30,13,23,0.37,3,25,1,5,0,0,0,0,78,5.1,19:11,--
Alex Vlasic,20242025,CHI,L,D,82,4,26,30,-23,12,0.37,3,17,1,12,0,1,0,0,103,3.9,23:16,--
Jeff Skinner,20242025,EDM,L,L,72,16,13,29,1,26,0.4,16,27,0,2,0,0,0,1,144,11.1,13:00,51.2
Ross Colton,20242025,COL,L,C,61,16,13,29,-1,18,0.48,11,22,5,7,0,0,0,3,125,12.8,14:25,40.2
Victor Olofsson,20242025,VGK,L,L,56,15,14,29,17,16,0.52,9,21,6,8,0,0,0,4,109,13.8,14:30,14.3
Marcus Foligno,20242025,MIN,L,L,77,14,15,29,7,75,0.38,14,29,0,0,0,0,0,1,91,15.4,14:29,36.8
Joel Eriksson Ek,20242025,MIN,L,C,46,14,15,29,9,22,0.63,9,19,5,10,0,0,0,1,140,10,19:46,47.1
Joel Armia,20242025,MTL,R,R,81,11,18,29,-2,16,0.36,8,23,0,3,3,3,0,1,104,10.6,14:18,21.4
Brock Faber,20242025,MIN,R,D,78,10,19,29,-2,23,0.37,8,18,2,10,0,1,1,1,124,8.1,25:32,--
William Karlsson,20242025,VGK,L,C,53,9,20,29,17,4,0.55,7,21,0,6,2,2,0,4,119,7.6,17:01,58.1
Danton Heinen,20242025,"VAN,PIT",L,L,79,9,20,29,2,31,0.37,7,26,1,2,1,1,0,0,81,11.1,13:27,39.1
Philip Broberg,20242025,STL,L,D,68,8,21,29,21,16,0.43,8,27,0,2,0,0,1,2,97,8.3,20:30,--
Michael Kesselring,20242025,UTA,R,D,82,7,22,29,4,89,0.35,6,26,1,3,0,0,1,1,150,4.7,17:41,--
Brent Burns,20242025,CAR,R,D,82,6,23,29,7,28,0.35,6,26,0,3,0,0,0,0,174,3.5,20:57,--
Oliver Ekman-Larsson,20242025,TOR,L,D,77,4,25,29,14,52,0.38,2,25,2,4,0,0,0,1,118,3.4,21:04,--
Marcus Pettersson,20242025,"PIT,VAN",L,D,78,4,25,29,6,45,0.37,4,28,0,0,0,1,0,1,70,5.7,21:41,--
Ondrej Palat,20242025,NJD,L,L,77,15,13,28,-5,12,0.36,12,23,2,4,1,1,0,3,96,15.6,13:45,20
Andrew Mangiapane,20242025,WSH,L,L,81,14,14,28,0,24,0.35,13,23,0,4,1,1,0,3,95,14.7,13:02,41.7
Kevin Stenlund,20242025,UTA,R,C,82,14,14,28,-6,40,0.34,13,27,0,0,1,1,0,1,102,13.7,14:21,59.1
Gustav Nyquist,20242025,"NSH,MIN",L,R,79,11,17,28,-24,16,0.35,8,23,2,3,1,2,0,0,103,10.7,16:51,36.7
Alexander Kerfoot,20242025,UTA,L,C,81,11,17,28,-5,14,0.35,9,25,0,1,2,2,0,1,101,10.9,15:15,52.4
Peyton Krebs,20242025,BUF,L,C,81,10,18,28,1,60,0.35,8,26,1,1,1,1,0,0,80,12.5,13:56,49
Zach Benson,20242025,BUF,L,L,75,10,18,28,-2,60,0.37,7,24,3,4,0,0,0,0,120,8.3,14:49,19.1
Adam Larsson,20242025,SEA,R,D,82,7,21,28,22,31,0.34,7,28,0,0,0,0,0,1,112,6.3,21:11,--
Dmitry Orlov,20242025,CAR,L,D,76,6,22,28,16,24,0.37,6,27,0,1,0,0,0,2,117,5.1,20:00,--
Jordan Spence,20242025,LAK,R,D,79,4,24,28,23,16,0.35,4,23,0,5,0,0,0,0,86,4.7,16:47,--
Josh Anderson,20242025,MTL,R,R,81,15,12,27,-2,90,0.33,14,26,0,0,1,1,0,1,109,13.8,14:19,59.2
Viktor Arvidsson,20242025,EDM,R,L,67,15,12,27,-3,24,0.4,14,24,1,3,0,0,0,2,158,9.5,15:00,32.7
Nic Dowd,20242025,WSH,R,C,82,14,13,27,7,56,0.33,12,25,0,0,2,2,0,3,86,16.3,15:11,49.9
Jack McBain,20242025,UTA,L,C,82,13,14,27,8,78,0.33,12,24,1,3,0,0,0,1,90,14.4,13:34,49.9
Connor Zary,20242025,CGY,L,C,54,13,14,27,-7,14,0.5,12,18,1,9,0,0,1,2,111,11.7,16:04,37.3
Adam Henrique,20242025,EDM,L,C,81,12,15,27,2,16,0.33,9,20,2,6,1,1,0,3,104,11.5,14:39,55.6
Tanner Pearson,20242025,VGK,L,L,78,12,15,27,4,8,0.35,11,26,0,0,1,1,0,2,109,11,11:47,25
Michael Amadio,20242025,OTT,R,R,72,11,16,27,12,18,0.38,10,26,1,1,0,0,0,2,85,12.9,14:06,51
Taylor Raddysh,20242025,WSH,R,R,80,7,20,27,-7,18,0.34,7,26,0,1,0,0,0,1,93,7.5,12:22,31
K'Andre Miller,20242025,NYR,L,D,74,7,20,27,0,22,0.36,7,25,0,2,0,0,0,1,110,6.4,21:57,--
Jaccob Slavin,20242025,CAR,L,D,80,6,21,27,16,8,0.34,6,24,0,0,0,3,0,2,110,5.5,21:34,--
Adam Gaudette,20242025,OTT,R,R,81,19,7,26,12,12,0.32,16,23,3,3,0,0,0,4,90,21.1,10:25,50.3
Alex Newhook,20242025,MTL,L,C,82,15,11,26,-21,24,0.32,14,22,1,4,0,0,0,3,118,12.7,15:08,42.8
Filip Chytil,20242025,"NYR,VAN",L,C,56,13,13,26,-7,18,0.46,12,21,1,5,0,0,0,1,133,9.8,14:58,46.8
Frank Nazar,20242025,CHI,R,C,53,12,14,26,-11,24,0.49,10,20,1,4,1,2,1,2,91,13.2,15:52,44.6
Ryan Hartman,20242025,MIN,R,R,69,11,15,26,-7,75,0.38,8,19,3,7,0,0,0,1,158,7,14:58,47.8
Jordan Eberle,20242025,SEA,R,R,42,9,17,26,0,14,0.62,8,21,1,5,0,0,1,1,66,13.6,16:16,38.9
Dante Fabbro,20242025,"NSH,CBJ",R,D,68,9,17,26,20,40,0.38,9,26,0,0,0,0,0,3,89,10.1,20:54,--
Teddy Blueger,20242025,VAN,L,C,82,8,18,26,-7,39,0.32,8,26,0,0,0,0,0,0,94,8.5,14:19,50.3
Esa Lindell,20242025,DAL,L,D,80,5,21,26,34,14,0.33,4,25,1,1,0,0,0,0,99,5.1,22:11,--
Anthony Beauvillier,20242025,"PIT,WSH",L,L,81,15,10,25,2,14,0.31,14,23,0,1,1,1,0,0,149,10.1,12:52,45.8
Joel Farabee,20242025,"PHI,CGY",L,L,81,11,14,25,-17,34,0.31,11,21,0,4,0,0,0,1,151,7.3,14:55,36.7
Mavrik Bourque,20242025,DAL,R,C,73,11,14,25,6,8,0.34,10,22,1,3,0,0,0,1,80,13.8,12:41,46.3
Drew O'Connor,20242025,"PIT,VAN",L,L,84,10,15,25,-16,34,0.3,8,21,1,2,1,2,1,2,117,8.6,14:28,41.7
Alex Turcotte,20242025,LAK,L,C,68,9,16,25,6,20,0.37,8,24,1,1,0,0,0,2,79,11.4,11:44,45.5
Nils Hoglander,20242025,VAN,L,L,72,8,17,25,5,30,0.35,8,24,0,1,0,0,0,2,83,9.6,12:08,0
Brett Kulak,20242025,EDM,L,D,82,7,18,25,-7,18,0.3,7,25,0,0,0,0,0,0,135,5.2,20:32,--
Damon Severson,20242025,CBJ,R,D,70,6,19,25,5,47,0.36,6,25,0,0,0,0,0,1,91,6.6,19:03,--
Sam Steel,20242025,DAL,L,C,79,6,19,25,-6,31,0.32,5,22,0,0,1,3,0,1,89,6.7,14:08,53.5
Miro Heiskanen,20242025,DAL,L,D,50,5,20,25,7,10,0.5,5,18,0,7,0,0,0,0,108,4.6,25:10,--
Martin Fehérváry,20242025,WSH,L,D,81,5,20,25,18,25,0.31,5,23,0,0,0,2,0,0,76,6.6,19:00,--
Ryker Evans,20242025,SEA,L,D,73,5,20,25,-12,30,0.34,4,22,1,3,0,0,0,0,59,8.5,19:29,--
Martin Pospisil,20242025,CGY,L,C,81,4,21,25,3,84,0.31,3,21,1,4,0,0,0,0,114,3.5,13:48,40.8
Alexandre Carrier,20242025,"NSH,MTL",R,D,79,3,22,25,-10,40,0.32,3,24,0,0,0,1,0,0,82,3.7,20:35,--
Jiri Kulich,20242025,BUF,L,C,62,15,9,24,-4,18,0.39,15,24,0,0,0,0,1,3,134,11.2,14:48,45.5
Jonatan Berggren,20242025,DET,L,R,75,12,12,24,-13,14,0.32,9,19,3,5,0,0,0,1,88,13.6,12:59,29.4
Philip Tomasino,20242025,"NSH,PIT",R,R,61,11,13,24,-10,8,0.39,8,16,3,8,0,0,0,6,104,10.6,13:04,29.4
Eetu Luostarinen,20242025,FLA,L,C,80,9,15,24,12,28,0.3,8,21,0,1,1,2,0,3,87,10.3,15:17,45.2
Vasily Podkolzin,20242025,EDM,L,R,82,8,16,24,1,48,0.29,8,24,0,0,0,0,0,2,114,7,13:13,24.6
Tyler Myers,20242025,VAN,R,D,71,6,18,24,2,74,0.34,5,21,0,1,1,2,0,0,87,6.9,20:48,--
Mikey Anderson,20242025,LAK,L,D,77,6,18,24,17,28,0.31,6,24,0,0,0,0,0,0,84,7.1,22:41,--
Cody Ceci,20242025,"SJS,DAL",R,D,85,4,20,24,6,24,0.28,4,23,0,0,0,1,0,2,90,4.4,21:13,--
Matt Roy,20242025,WSH,R,D,69,3,21,24,18,25,0.35,3,24,0,0,0,0,0,0,84,3.6,19:53,--
Samuel Girard,20242025,COL,L,D,73,3,21,24,7,14,0.33,3,23,0,1,0,0,1,2,95,3.2,20:51,--
Joel Kiviranta,20242025,COL,L,L,79,16,7,23,15,20,0.29,15,22,0,0,1,1,0,2,84,19.1,12:31,47.9
Kevin Hayes,20242025,PIT,L,R,64,13,10,23,-15,8,0.36,9,15,4,7,0,1,0,1,98,13.3,12:03,52.1
Jesper Boqvist,20242025,FLA,L,C,78,12,11,23,-4,14,0.29,11,22,0,0,1,1,0,3,87,13.8,13:15,42.3
Andrew Copp,20242025,DET,L,C,56,10,13,23,4,8,0.41,9,21,0,1,1,1,0,2,67,14.9,14:42,50.7
Charlie McAvoy,20242025,BOS,R,D,50,7,16,23,0,46,0.46,4,18,2,4,1,1,0,2,98,7.1,23:40,--
Ryan Pulock,20242025,NYI,R,D,74,5,18,23,2,16,0.31,4,19,1,2,0,2,0,1,97,5.2,21:05,--
Jake McCabe,20242025,TOR,L,D,66,2,21,23,23,40,0.35,2,22,0,0,0,1,0,0,74,2.7,21:31,--
Paul Cotter,20242025,NJD,L,C,79,16,6,22,-14,62,0.28,16,22,0,0,0,0,0,2,90,17.8,13:05,52.6
Nicholas Robertson,20242025,TOR,L,L,69,15,7,22,-1,16,0.32,13,20,2,2,0,0,0,3,112,13.4,12:00,42.9
Thomas Novak,20242025,"NSH,PIT",L,C,54,13,9,22,-7,4,0.41,12,17,1,5,0,0,0,2,92,14.1,13:14,42.7
Justin Brazeau,20242025,"BOS,MIN",R,R,76,11,11,22,-9,18,0.29,7,17,4,5,0,0,0,3,89,12.4,11:52,23.1
Lars Eller,20242025,"PIT,WSH",L,C,80,10,12,22,-5,36,0.28,10,21,0,1,0,0,0,0,104,9.6,13:17,52.2
Mason Appleton,20242025,WPG,R,C,71,10,12,22,7,22,0.31,10,21,0,1,0,0,0,3,107,9.4,14:50,45.5
Brandon Tanev,20242025,"SEA,WPG",L,L,79,10,12,22,-12,16,0.28,10,22,0,0,0,0,0,0,99,10.1,13:14,22.6
Kirby Dach,20242025,MTL,R,C,57,10,12,22,-29,40,0.39,9,15,1,7,0,0,0,2,84,11.9,15:40,40.3
Lukas Reichel,20242025,CHI,L,L,70,8,14,22,-16,12,0.31,8,20,0,2,0,0,0,1,72,11.1,11:55,39.9
Niko Mikkola,20242025,FLA,L,D,76,6,16,22,12,70,0.29,6,22,0,0,0,0,0,0,116,5.2,20:12,--
Cody Glass,20242025,"PIT,NJD",R,C,65,6,16,22,-5,16,0.34,5,20,1,2,0,0,0,1,91,6.6,13:39,51.4
Nikita Zadorov,20242025,BOS,L,D,81,4,18,22,25,145,0.27,4,20,0,0,0,2,0,0,105,3.8,20:37,--
Ryan Lindgren,20242025,"NYR,COL",L,D,72,4,18,22,0,40,0.31,4,20,0,0,0,2,0,0,63,6.4,19:42,--
Brian Dumoulin,20242025,"ANA,NJD",L,D,80,3,19,22,-1,14,0.28,3,22,0,0,0,0,1,1,69,4.4,19:33,--
Erik Haula,20242025,NJD,L,L,69,11,10,21,-6,39,0.3,9,16,2,5,0,0,0,1,110,10,14:42,52.6
Michael Rasmussen,20242025,DET,L,C,77,11,10,21,-12,24,0.27,9,17,2,4,0,0,0,1,99,11.1,13:25,46.4
Garnet Hathaway,20242025,PHI,R,R,67,10,11,21,5,58,0.31,8,19,0,0,2,2,0,1,80,12.5,11:52,36.8
Logan O'Connor,20242025,COL,R,R,80,10,11,21,-4,26,0.26,10,20,0,0,0,1,0,1,89,11.2,14:07,38.6
Tyler Seguin,20242025,DAL,R,C,20,9,12,21,15,4,1.05,6,18,3,3,0,0,0,2,46,19.6,16:09,52.9
Brandon Duhaime,20242025,WSH,L,R,82,9,12,21,3,98,0.26,9,20,0,0,0,1,0,1,83,10.8,13:21,41.9
Justin Danforth,20242025,CBJ,R,R,61,9,12,21,-6,18,0.34,8,19,0,1,1,1,0,1,94,9.6,14:23,49.5
Jake Middleton,20242025,MIN,L,D,67,8,13,21,11,40,0.31,8,21,0,0,0,0,0,0,97,8.3,21:52,--
Colton Sissons,20242025,NSH,R,C,72,7,14,21,-12,22,0.29,7,20,0,1,0,0,0,0,80,8.8,14:22,54.8
Braden Schneider,20242025,NYR,R,D,80,6,15,21,9,18,0.26,5,19,0,0,1,2,1,1,95,6.3,17:52,--
Nick Jensen,20242025,OTT,R,D,71,3,18,21,18,6,0.3,3,21,0,0,0,0,0,0,77,3.9,20:13,--
Erik Cernak,20242025,TBL,R,D,76,3,18,21,29,50,0.28,3,19,0,0,0,2,0,0,64,4.7,18:16,--
Trevor van Riemsdyk,20242025,WSH,R,D,82,1,20,21,20,34,0.26,1,21,0,0,0,0,0,0,80,1.3,17:40,--
Adam Pelech,20242025,NYI,L,D,60,0,21,21,4,32,0.35,0,20,0,1,0,0,0,0,109,0,21:07,--
Blake Lizotte,20242025,PIT,L,C,59,11,9,20,-4,26,0.34,9,18,1,1,1,1,0,1,51,21.6,12:43,51
Gage Goncalves,20242025,TBL,L,C,60,8,12,20,7,14,0.33,7,18,1,2,0,0,0,1,61,13.1,12:48,50
Nikolai Kovalenko,20242025,"COL,SJS",L,R,57,7,13,20,-9,16,0.35,4,16,3,4,0,0,0,0,45,15.6,12:20,22.2
Jamie Drysdale,20242025,PHI,R,D,70,7,13,20,-32,22,0.29,5,13,2,7,0,0,0,1,63,11.1,19:55,--
Olen Zellweger,20242025,ANA,L,D,62,7,13,20,1,20,0.32,6,15,1,5,0,0,0,0,130,5.4,18:58,--
Sam Carrick,20242025,NYR,R,C,80,6,14,20,5,58,0.25,5,17,0,0,1,3,1,2,84,7.1,11:56,54.2
Joel Edmundson,20242025,LAK,L,D,73,6,14,20,25,22,0.27,6,19,0,1,0,0,0,1,91,6.6,20:35,--
Oskar Sundqvist,20242025,STL,R,C,67,6,14,20,-6,32,0.3,2,13,4,7,0,0,0,0,60,10,13:12,45.5
Mathew Barzal,20242025,NYI,R,C,30,6,14,20,10,4,0.67,5,16,1,4,0,0,0,1,78,7.7,20:21,42.3
Dylan Samberg,20242025,WPG,L,D,60,6,14,20,34,26,0.33,6,19,0,1,0,0,1,2,95,6.3,21:08,--
Brayden McNabb,20242025,VGK,L,D,82,5,15,20,42,32,0.24,4,18,0,0,1,2,0,0,97,5.2,20:07,--
Jonas Brodin,20242025,MIN,L,D,50,4,16,20,10,18,0.4,4,19,0,0,0,1,0,1,71,5.6,22:57,--
Alexander Romanov,20242025,NYI,L,D,64,4,16,20,5,20,0.31,4,19,0,0,0,1,0,0,100,4,22:18,--
Nick Seeler,20242025,PHI,L,D,77,3,17,20,10,36,0.26,3,20,0,0,0,0,0,1,82,3.7,17:17,--
Kevin Bahl,20242025,CGY,L,D,73,3,17,20,-6,35,0.27,2,19,1,1,0,0,0,0,82,3.7,21:23,--
Jonny Brodzinski,20242025,NYR,R,C,51,12,7,19,6,4,0.37,12,19,0,0,0,0,0,2,73,16.4,11:41,47.7
Nick Bjugstad,20242025,UTA,R,C,66,8,11,19,-2,16,0.29,7,18,1,1,0,0,0,0,115,7,12:19,47.4
Steven Lorentz,20242025,TOR,L,C,80,8,11,19,6,9,0.24,7,18,0,0,1,1,0,5,76,10.5,10:33,36.4
Parker Kelly,20242025,COL,L,C,80,8,11,19,-1,29,0.24,7,17,0,0,1,2,0,2,99,8.1,12:45,43
Boone Jenner,20242025,CBJ,L,C,26,7,12,19,3,4,0.73,4,15,2,3,1,1,0,1,70,10,17:59,51.2
Michael Carcone,20242025,UTA,L,L,53,7,12,19,-7,36,0.36,7,17,0,2,0,0,0,0,75,9.3,11:26,50
Pontus Holmberg,20242025,TOR,L,R,68,7,12,19,4,27,0.28,6,17,0,1,1,1,0,0,68,10.3,12:40,48.8
Jakob Pelletier,20242025,"CGY,PHI",L,L,49,7,12,19,7,10,0.39,7,19,0,0,0,0,0,1,54,13,11:33,40.6
Josh Doan,20242025,UTA,R,R,51,7,12,19,-2,8,0.37,4,15,3,4,0,0,0,1,88,8,13:31,41.2
Nick Perbix,20242025,TBL,R,D,74,6,13,19,8,20,0.26,6,19,0,0,0,0,0,1,66,9.1,14:41,--
Patrick Maroon,20242025,CHI,L,L,68,5,14,19,-13,97,0.28,4,18,1,1,0,0,0,1,73,6.9,11:32,46.2
Nate Schmidt,20242025,FLA,L,D,80,5,14,19,4,30,0.24,5,15,0,4,0,0,0,0,70,7.1,16:32,--
Pavel Mintyukov,20242025,ANA,L,D,68,5,14,19,-4,20,0.28,5,16,0,3,0,0,0,0,69,7.3,17:36,--
Rasmus Ristolainen,20242025,PHI,R,D,63,4,15,19,3,14,0.3,4,16,0,3,0,0,1,2,100,4,20:31,--
Anthony DeAngelo,20242025,NYI,R,D,35,4,15,19,-11,10,0.54,4,15,0,4,0,0,1,1,76,5.3,23:21,--
Dylan DeMelo,20242025,WPG,R,D,82,3,16,19,31,38,0.23,3,19,0,0,0,0,0,2,75,4,21:32,--
Connor Murphy,20242025,CHI,R,D,68,2,17,19,-2,52,0.28,2,18,0,0,0,1,0,0,84,2.4,20:37,--
Emil Lilleberg,20242025,TBL,L,D,76,1,18,19,-1,105,0.25,1,18,0,0,0,1,0,1,46,2.2,15:17,--
Lawson Crouse,20242025,UTA,L,L,81,12,6,18,-4,39,0.22,11,17,1,1,0,0,0,2,126,9.5,13:44,46.3
Mitchell Chaffee,20242025,TBL,R,R,66,12,6,18,-3,21,0.27,8,14,4,4,0,0,0,2,68,17.7,12:02,36.4
Luke Kunin,20242025,"SJS,CBJ",R,C,75,11,7,18,-28,55,0.24,11,18,0,0,0,0,0,0,112,9.8,14:41,47
Emil Heineman,20242025,MTL,L,L,62,10,8,18,-6,20,0.29,7,13,3,5,0,0,0,0,64,15.6,11:24,14.3
Craig Smith,20242025,"CHI,DET",R,C,59,9,9,18,-9,34,0.31,7,16,2,2,0,0,0,1,90,10,11:20,34.8
Jack Drury,20242025,"CAR,COL",L,C,72,8,10,18,1,22,0.25,7,16,1,2,0,0,0,2,93,8.6,12:55,57.8
Matias Maccelli,20242025,UTA,L,L,55,8,10,18,-13,8,0.33,8,15,0,3,0,0,0,0,86,9.3,13:44,50
Jalen Chatfield,20242025,CAR,R,D,79,7,11,18,22,54,0.23,7,17,0,0,0,1,0,2,114,6.1,18:53,--
Kaiden Guhle,20242025,MTL,L,D,55,6,12,18,6,47,0.33,6,17,0,0,0,1,0,1,71,8.5,21:11,--
Alexey Toropchenko,20242025,STL,L,R,80,4,14,18,-1,25,0.23,4,18,0,0,0,0,0,1,90,4.4,12:30,44.4
Uvis Balinskis,20242025,FLA,L,D,76,4,14,18,-7,27,0.24,4,14,0,4,0,0,0,0,92,4.4,14:51,0
Chris Tanev,20242025,TOR,R,D,75,3,15,18,31,24,0.24,3,17,0,0,0,1,0,0,43,7,19:45,--
Olli Määttä,20242025,"DET,UTA",L,D,77,2,16,18,7,16,0.23,2,18,0,0,0,0,0,0,73,2.7,19:33,--
Erik Gustafsson,20242025,DET,L,D,60,2,16,18,-19,20,0.3,1,9,1,9,0,0,0,0,67,3,16:19,--
Mattias Janmark,20242025,EDM,L,C,80,2,16,18,-6,22,0.23,2,15,0,0,0,3,0,0,51,3.9,13:18,40.6
Mark Jankowski,20242025,"NSH,CAR",L,L,60,12,5,17,4,33,0.28,12,17,0,0,0,0,0,1,66,18.2,12:34,50.6
Cole Koepke,20242025,BOS,L,L,73,10,7,17,1,17,0.23,10,17,0,0,0,0,0,2,85,11.8,11:15,0
Joseph Veleno,20242025,"DET,CHI",L,C,74,8,9,17,-23,17,0.23,8,17,0,0,0,0,0,0,75,10.7,12:07,46.9
Fedor Svechkov,20242025,NSH,L,C,52,8,9,17,-17,14,0.33,6,12,2,5,0,0,1,2,64,12.5,12:53,36.7
Tomas Tatar,20242025,NJD,L,L,74,7,10,17,-7,20,0.23,6,14,1,3,0,0,0,0,66,10.6,11:06,52.6
Casey Cizikas,20242025,NYI,L,C,82,7,10,17,-13,51,0.21,6,15,0,1,1,1,0,1,97,7.2,13:02,55.2
Colin Blackwell,20242025,DAL,R,C,63,6,11,17,4,16,0.27,4,13,0,1,2,3,0,0,63,9.5,11:34,49
Sean Kuraly,20242025,CBJ,L,C,82,6,11,17,-4,40,0.21,6,17,0,0,0,0,0,0,88,6.8,11:46,54.3
A.J. Greer,20242025,FLA,L,L,81,6,11,17,4,130,0.21,5,16,0,0,1,1,0,3,86,7,9:36,34
Zach Aston-Reese,20242025,CBJ,L,C,79,6,11,17,-15,27,0.22,6,17,0,0,0,0,0,1,101,5.9,13:27,22.2
Timothy Liljegren,20242025,"TOR,SJS",R,D,68,6,11,17,-25,38,0.25,4,13,2,4,0,0,0,0,102,5.9,19:12,--
Mario Ferraro,20242025,SJS,L,D,78,5,12,17,-25,53,0.22,5,16,0,0,0,1,0,1,79,6.3,21:24,--
Brett Leason,20242025,ANA,R,R,62,5,12,17,-2,22,0.27,4,15,1,2,0,0,0,0,79,6.3,12:59,28.4
Drew Doughty,20242025,LAK,R,D,30,4,13,17,9,20,0.57,3,10,0,6,1,1,0,1,46,8.7,24:08,--
Jamie Oleksiak,20242025,SEA,L,D,82,4,13,17,-2,34,0.21,4,17,0,0,0,0,0,1,66,6.1,18:47,--
Cam York,20242025,PHI,L,D,66,4,13,17,-8,26,0.26,4,17,0,0,0,0,0,1,65,6.2,20:47,--
Brett Pesce,20242025,NJD,R,D,72,3,14,17,-5,29,0.24,2,16,0,0,1,1,0,0,99,3,21:19,--
Ian Cole,20242025,UTA,L,D,82,1,16,17,-2,77,0.21,1,16,0,0,0,1,0,0,66,1.5,20:17,--
Andrew Peeke,20242025,BOS,R,D,76,1,16,17,-10,15,0.22,0,15,0,0,1,2,0,0,80,1.3,18:36,--
Johnathan Kovacevic,20242025,NJD,R,D,81,1,16,17,10,72,0.21,1,17,0,0,0,0,0,1,76,1.3,19:49,--
David Perron,20242025,OTT,R,L,43,9,7,16,-7,12,0.37,5,10,4,6,0,0,0,2,71,12.7,14:01,31.6
Mikey Eyssimont,20242025,"TBL,SEA",L,C,77,9,7,16,1,63,0.21,9,16,0,0,0,0,0,2,142,6.3,10:37,33.3
Nathan Walker,20242025,STL,L,L,73,8,8,16,-5,63,0.22,8,15,0,0,0,1,0,0,72,11.1,12:06,52.6
Robby Fabbri,20242025,ANA,L,C,44,8,8,16,-6,20,0.36,8,16,0,0,0,0,0,0,65,12.3,16:12,45.5
Jason Dickinson,20242025,CHI,L,C,59,7,9,16,-11,38,0.27,7,16,0,0,0,0,0,0,56,12.5,15:42,49.5
Juuso Parssinen,20242025,"NSH,COL,NYR",L,C,48,6,10,16,-5,19,0.33,6,15,0,1,0,0,0,0,30,20,10:32,46.9
Sean Walker,20242025,CAR,R,D,82,5,11,16,-7,46,0.2,5,16,0,0,0,0,0,0,144,3.5,16:50,--
Zach Bogosian,20242025,MIN,R,D,81,4,12,16,-6,43,0.2,4,16,0,0,0,0,0,0,79,5.1,15:48,--
Oskar Bäck,20242025,DAL,L,C,73,4,12,16,1,8,0.22,4,15,0,0,0,1,0,0,44,9.1,11:42,52
Nick Blankenburg,20242025,NSH,R,D,60,4,12,16,-2,24,0.27,3,10,1,6,0,0,1,2,84,4.8,19:33,--
Brenden Dillon,20242025,NJD,L,D,82,2,14,16,8,67,0.2,2,15,0,0,0,1,0,0,48,4.2,18:35,--
Urho Vaakanainen,20242025,"ANA,NYR",L,D,51,2,14,16,8,18,0.31,2,16,0,0,0,0,0,0,42,4.8,16:25,--
Radko Gudas,20242025,ANA,R,D,81,1,15,16,4,86,0.2,1,16,0,0,0,0,0,0,89,1.1,19:52,--
Connor Clifton,20242025,BUF,R,D,73,1,15,16,-6,45,0.22,1,13,0,0,0,3,0,0,63,1.6,16:03,--
Pierre Engvall,20242025,NYI,L,L,62,8,7,15,-7,16,0.24,8,15,0,0,0,0,0,2,93,8.6,11:49,29.4
Trent Frederic,20242025,"BOS,EDM",L,C,58,8,7,15,-16,44,0.26,7,12,1,3,0,0,0,0,78,10.3,13:43,43.7
Morgan Barron,20242025,WPG,L,C,74,8,7,15,8,16,0.2,6,13,0,0,2,2,0,0,92,8.7,10:23,52.2
Yakov Trenin,20242025,MIN,L,C,76,7,8,15,-1,54,0.2,5,13,0,0,2,2,0,2,85,8.2,12:31,43.8
Yegor Chinakhov,20242025,CBJ,L,R,30,7,8,15,-6,4,0.5,5,10,2,5,0,0,0,1,68,10.3,15:43,--
Nick Cousins,20242025,OTT,L,C,50,6,9,15,-1,41,0.3,6,15,0,0,0,0,0,0,68,8.8,11:54,14.3
Radek Faksa,20242025,STL,L,C,70,5,10,15,-2,30,0.21,5,15,0,0,0,0,0,1,68,7.4,13:01,57
Will Borgen,20242025,"SEA,NYR",R,D,84,5,10,15,-4,42,0.18,4,14,0,0,1,1,0,0,81,6.2,17:05,--
Zachary L'Heureux,20242025,NSH,L,L,62,5,10,15,-6,63,0.24,5,14,0,1,0,0,0,0,78,6.4,12:03,0
Sam Malinski,20242025,COL,R,D,76,5,10,15,8,16,0.2,5,14,0,1,0,0,0,0,115,4.4,15:57,--
Colin Miller,20242025,WPG,R,D,60,4,11,15,10,38,0.25,3,13,1,2,0,0,0,0,68,5.9,14:31,--
Isac Lundestrom,20242025,ANA,L,C,79,4,11,15,-12,10,0.19,4,14,0,1,0,0,0,1,60,6.7,13:33,47.2
Conor Timmins,20242025,"TOR,PIT",R,D,68,3,12,15,11,30,0.22,3,15,0,0,0,0,0,0,69,4.4,16:55,--
Egor Zamula,20242025,PHI,L,D,63,3,12,15,-14,6,0.24,3,15,0,0,0,0,0,1,37,8.1,16:31,--
Ryan Suter,20242025,STL,L,D,82,2,13,15,7,24,0.18,1,14,0,0,1,1,0,0,62,3.2,19:28,--
David Savard,20242025,MTL,R,D,75,1,14,15,-8,36,0.2,1,15,0,0,0,0,0,0,48,2.1,16:35,--
Josh Manson,20242025,COL,R,D,48,1,14,15,-6,28,0.31,1,13,0,1,0,1,0,0,65,1.5,18:02,--
Jakub Vrana,20242025,"WSH,NSH",L,L,39,9,5,14,-4,10,0.36,5,10,4,4,0,0,0,4,47,19.2,10:21,35
Conor Geekie,20242025,TBL,L,C,52,8,6,14,-4,16,0.27,7,12,1,2,0,0,0,3,60,13.3,12:20,42.4
Dakota Joshua,20242025,VAN,L,C,57,7,7,14,-13,38,0.25,5,11,1,2,1,1,0,0,52,13.5,12:58,54.8
Philipp Kurashev,20242025,CHI,L,C,51,7,7,14,-28,14,0.27,6,13,1,1,0,0,1,1,54,13,13:43,47.1
Nico Sturm,20242025,"SJS,FLA",L,C,62,7,7,14,-6,20,0.23,6,13,0,0,1,1,0,1,59,11.9,10:25,58.8
Kasperi Kapanen,20242025,"STL,EDM",R,R,67,6,8,14,-22,16,0.21,6,14,0,0,0,0,0,2,66,9.1,11:55,41.5
Michael McCarron,20242025,NSH,R,C,74,5,9,14,-21,102,0.19,5,14,0,0,0,0,0,1,80,6.3,13:45,54.4
Mark Kastelic,20242025,BOS,R,C,61,5,9,14,-3,106,0.23,5,14,0,0,0,0,0,0,67,7.5,10:44,54.4
Mathieu Joseph,20242025,STL,L,R,60,4,10,14,-6,28,0.23,3,13,0,0,1,1,0,0,69,5.8,11:54,51.6
Mattias Samuelsson,20242025,BUF,L,D,62,4,10,14,3,22,0.23,4,13,0,1,0,0,0,1,52,7.7,19:18,--
Adam Boqvist,20242025,"FLA,NYI",R,D,35,4,10,14,-9,10,0.4,3,8,1,6,0,0,0,0,40,10,14:04,--
J.J. Moser,20242025,TBL,L,D,54,2,12,14,20,22,0.26,1,12,0,1,1,1,0,0,48,4.2,18:51,--
Jacob Trouba,20242025,"NYR,ANA",R,D,77,1,13,14,-8,66,0.18,1,14,0,0,0,0,0,0,111,0.9,20:31,--
John Marino,20242025,UTA,R,D,35,1,13,14,1,2,0.4,1,14,0,0,0,0,0,0,30,3.3,21:10,--
Logan Stanley,20242025,WPG,L,D,63,1,13,14,9,78,0.22,1,14,0,0,0,0,0,0,49,2,15:35,--
Ilya Lyubushkin,20242025,DAL,R,D,80,1,13,14,5,32,0.18,1,14,0,0,0,0,0,0,51,2,17:23,--
Tanner Jeannot,20242025,LAK,L,L,67,7,6,13,0,89,0.19,7,13,0,0,0,0,0,1,56,12.5,11:01,44.4
Tye Kartye,20242025,SEA,L,L,63,6,7,13,-14,43,0.21,5,12,0,0,1,1,0,0,56,10.7,9:41,20
Justin Barron,20242025,"MTL,NSH",R,D,62,6,7,13,-18,23,0.21,6,12,0,1,0,0,0,0,73,8.2,17:26,--
Max Pacioretty,20242025,TOR,L,L,37,5,8,13,-2,16,0.35,5,13,0,0,0,0,0,1,70,7.1,13:30,54.6
David Kampf,20242025,TOR,L,C,59,5,8,13,-1,14,0.22,4,11,0,0,1,2,0,0,45,11.1,12:24,51.2
Dmitry Kulikov,20242025,FLA,L,D,70,4,9,13,12,38,0.19,4,12,0,1,0,0,0,0,64,6.3,19:16,--
Ben Chiarot,20242025,DET,L,D,81,4,9,13,-14,69,0.16,4,12,0,1,0,0,0,0,109,3.7,21:14,--
Carson Soucy,20242025,"VAN,NYR",L,D,75,4,9,13,-11,46,0.17,4,13,0,0,0,0,0,2,81,4.9,17:55,--
Zach Whitecloud,20242025,VGK,R,D,74,4,9,13,7,37,0.18,4,13,0,0,0,0,0,0,72,5.6,17:31,--
Drew Helleson,20242025,ANA,R,D,56,4,9,13,6,47,0.23,4,12,0,0,0,1,0,1,63,6.4,16:21,--
Denton Mateychuk,20242025,CBJ,L,D,45,4,9,13,4,20,0.29,4,13,0,0,0,0,0,0,44,9.1,18:02,--
Ryan Lomberg,20242025,CGY,L,L,80,3,10,13,-5,57,0.16,3,13,0,0,0,0,0,0,66,4.6,8:39,31.3
Ty Emberson,20242025,EDM,R,D,76,2,11,13,-5,18,0.17,2,12,0,0,0,1,0,1,62,3.2,15:07,--
Jayden Struble,20242025,MTL,L,D,56,2,11,13,2,52,0.23,2,13,0,0,0,0,0,0,47,4.3,14:57,--
Artem Zub,20242025,OTT,R,D,56,2,11,13,3,34,0.23,2,10,0,1,0,2,0,1,57,3.5,20:38,--
Sam Colangelo,20242025,ANA,R,R,32,10,2,12,-4,2,0.38,8,10,2,2,0,0,0,1,41,24.4,12:29,26.7
Trevor Lewis,20242025,LAK,R,C,60,6,6,12,-4,20,0.2,6,12,0,0,0,0,0,1,53,11.3,10:13,46.5
Alec Martinez,20242025,CHI,L,D,44,5,7,12,-15,8,0.27,5,10,0,2,0,0,0,0,38,13.2,18:44,--
Noel Acciari,20242025,PIT,R,C,79,5,7,12,-25,16,0.15,5,11,0,0,0,1,0,0,75,6.7,13:46,53.7
Nicolas Hague,20242025,VGK,L,D,68,5,7,12,-2,40,0.18,5,12,0,0,0,0,0,1,74,6.8,17:00,--
Marat Khusnutdinov,20242025,"MIN,BOS",L,C,75,5,7,12,-11,20,0.16,5,10,0,1,0,1,0,0,41,12.2,12:05,43.7
Cole Smith,20242025,NSH,L,R,71,4,8,12,-15,69,0.17,4,11,0,0,0,1,0,0,69,5.8,13:36,52.9
Alexander Holtz,20242025,VGK,R,R,53,4,8,12,-3,10,0.23,3,10,1,2,0,0,0,0,69,5.8,11:35,23.1
Brayden Pachal,20242025,CGY,R,D,76,3,9,12,5,88,0.16,3,11,0,0,0,1,0,0,61,4.9,14:14,--
Kevin Labanc,20242025,CBJ,R,R,34,2,10,12,1,12,0.35,2,12,0,0,0,0,0,0,35,5.7,10:30,0
Declan Chisholm,20242025,MIN,L,D,66,2,10,12,-5,10,0.18,1,10,1,2,0,0,0,1,69,2.9,17:00,--
Henry Thrun,20242025,SJS,L,D,60,2,10,12,-23,30,0.2,2,12,0,0,0,0,0,0,52,3.9,17:31,--
Brandon Carlo,20242025,"BOS,TOR",R,D,83,1,11,12,6,37,0.14,1,12,0,0,0,0,0,0,77,1.3,18:54,--
Anthony Duclair,20242025,NYI,L,L,44,7,4,11,-15,10,0.25,4,8,3,3,0,0,0,0,60,11.7,15:03,0
Aatu Raty,20242025,VAN,L,C,33,7,4,11,-1,14,0.33,7,10,0,1,0,0,0,0,34,20.6,10:39,57.4
Alexandre Texier,20242025,STL,L,L,31,6,5,11,-3,10,0.35,5,9,1,2,0,0,0,1,50,12,12:29,0
Jakub Lauko,20242025,"MIN,BOS",L,C,56,5,6,11,-13,47,0.2,4,10,0,0,1,1,0,2,42,11.9,10:43,10
Collin Graf,20242025,SJS,R,R,33,5,6,11,-4,8,0.33,3,6,1,4,1,1,0,1,40,12.5,15:52,33.3
William Carrier,20242025,CAR,L,L,43,4,7,11,0,16,0.26,4,11,0,0,0,0,0,1,48,8.3,11:44,50
Sean Durzi,20242025,UTA,R,D,30,4,7,11,4,19,0.37,3,9,1,2,0,0,0,0,39,10.3,20:39,--
Kyle MacLean,20242025,NYI,L,C,81,4,7,11,-15,14,0.14,4,11,0,0,0,0,0,0,61,6.6,9:58,48.2
Elmer Soderblom,20242025,DET,L,L,26,4,7,11,2,6,0.42,4,11,0,0,0,0,0,1,38,10.5,13:22,26.7
John Beecher,20242025,BOS,L,C,78,3,8,11,-9,26,0.14,3,11,0,0,0,0,0,0,44,6.8,11:17,52
Derek Forbort,20242025,VAN,L,D,54,2,9,11,-7,45,0.2,2,10,0,1,0,0,0,1,39,5.1,17:06,--
Zac Jones,20242025,NYR,L,D,46,1,10,11,0,24,0.24,1,10,0,1,0,0,0,0,51,2,17:15,--
Matthew Poitras,20242025,BOS,R,C,33,1,10,11,-5,8,0.33,1,11,0,0,0,0,0,1,29,3.5,13:05,45.7
Brett Berard,20242025,NYR,L,L,35,6,4,10,-6,8,0.29,6,10,0,0,0,0,0,1,59,10.2,10:43,42.9
Adam Klapka,20242025,CGY,R,R,31,6,4,10,-3,29,0.32,6,10,0,0,0,0,0,0,44,13.6,9:39,35.3
Vincent Hinostroza,20242025,"NSH,MIN",R,C,38,5,5,10,2,10,0.26,2,7,3,3,0,0,0,1,48,10.4,13:01,41.2
Kevin Rooney,20242025,CGY,L,C,70,5,5,10,-6,14,0.14,5,9,0,0,0,1,0,0,54,9.3,9:25,47.2
Jordan Oesterle,20242025,"BOS,NSH",L,D,37,4,6,10,0,4,0.27,4,10,0,0,0,0,0,0,38,10.5,17:09,--
Jesse Puljujarvi,20242025,"PIT,FLA",R,R,31,4,6,10,-1,25,0.32,4,9,0,1,0,0,0,0,50,8,11:47,0
Beck Malenstyn,20242025,BUF,L,L,76,4,6,10,-16,29,0.13,4,10,0,0,0,0,0,0,67,6,10:32,55.9
Nathan Bastian,20242025,NJD,R,R,59,4,6,10,-4,31,0.17,2,8,1,1,1,1,0,1,44,9.1,10:56,32
Connor Dewar,20242025,"TOR,PIT",L,C,48,4,6,10,-3,14,0.21,4,9,0,0,0,1,0,0,55,7.3,11:33,42.7
Tyler Kleven,20242025,OTT,L,D,79,4,6,10,-11,27,0.13,4,9,0,1,0,0,0,1,78,5.1,14:28,--
Jack Thompson,20242025,SJS,R,D,31,4,6,10,-9,10,0.32,4,7,0,3,0,0,0,0,41,9.8,15:47,--
Dennis Cholowski,20242025,"NYI,NJD",L,D,39,3,7,10,-3,10,0.26,3,8,0,2,0,0,0,0,30,10,13:04,--
Henri Jokiharju,20242025,"BUF,BOS",R,D,60,3,7,10,13,14,0.17,3,10,0,0,0,0,0,2,59,5.1,17:50,--
TJ Brodie,20242025,CHI,L,D,54,2,8,10,-18,18,0.19,2,10,0,0,0,0,0,0,23,8.7,15:38,--
Mathew Dumba,20242025,DAL,R,D,63,1,9,10,-5,60,0.16,1,9,0,1,0,0,0,0,57,1.8,15:18,--
Simon Benoit,20242025,TOR,L,D,78,1,9,10,12,59,0.13,1,9,0,0,0,1,0,0,48,2.1,16:33,--
Kaedan Korczak,20242025,VGK,R,D,40,0,10,10,15,2,0.25,0,10,0,0,0,0,0,0,34,0,15:04,--
Marc Gatcomb,20242025,NYI,R,C,39,8,1,9,-4,11,0.23,8,9,0,0,0,0,0,1,41,19.5,9:47,41.7
Adam Edstrom,20242025,NYR,L,C,51,5,4,9,-5,27,0.18,5,9,0,0,0,0,0,2,40,12.5,9:16,0
Cam Atkinson,20242025,TBL,R,R,39,4,5,9,-4,11,0.23,3,8,1,1,0,0,0,0,47,8.5,9:00,33.3
Tyler Motte,20242025,DET,L,C,55,4,5,9,-11,6,0.16,4,9,0,0,0,0,0,0,66,6.1,11:19,41.4
Tyson Jost,20242025,CAR,L,C,39,4,5,9,2,33,0.23,4,9,0,0,0,0,0,0,44,9.1,10:22,45.2
Lian Bichsel,20242025,DAL,L,D,38,4,5,9,2,41,0.24,4,9,0,0,0,0,0,1,39,10.3,14:53,--
Scott Mayfield,20242025,NYI,R,D,66,3,6,9,18,27,0.14,2,8,0,0,1,1,0,0,51,5.9,17:00,--
Carl Grundstrom,20242025,SJS,L,R,56,3,6,9,-21,24,0.16,3,9,0,0,0,0,0,0,88,3.4,9:36,42.9
Jan Rutta,20242025,SJS,R,D,54,3,6,9,-3,28,0.17,3,9,0,0,0,0,0,0,55,5.5,17:15,--
Albert Johansson,20242025,DET,L,D,61,3,6,9,-11,30,0.15,3,9,0,0,0,0,0,2,48,6.3,16:22,--
Joel Hanley,20242025,CGY,L,D,53,2,7,9,12,21,0.17,2,9,0,0,0,0,0,1,42,4.8,18:35,--
Jonas Siegenthaler,20242025,NJD,L,D,55,2,7,9,9,44,0.16,2,9,0,0,0,0,0,0,52,3.9,19:36,--
Scott Perunovich,20242025,"STL,NYI",L,D,35,2,7,9,-3,10,0.26,2,9,0,0,0,0,0,0,18,11.1,16:00,--
Marc Del Gaizo,20242025,NSH,L,D,46,2,7,9,-3,21,0.2,2,9,0,0,0,0,0,0,76,2.6,16:45,--
Shakir Mukhamadullin,20242025,SJS,L,D,30,2,7,9,-7,8,0.3,2,7,0,2,0,0,0,0,30,6.7,18:04,--
Daniil Miromanov,20242025,CGY,R,D,44,2,7,9,2,12,0.2,2,9,0,0,0,0,0,1,52,3.9,17:41,--
Tomas Nosek,20242025,FLA,L,L,59,1,8,9,4,10,0.15,0,7,1,1,0,1,0,0,47,2.1,9:49,51.8
Josh Mahura,20242025,SEA,L,D,64,0,9,9,5,20,0.14,0,9,0,0,0,0,0,0,58,0,13:45,--
Barclay Goodrow,20242025,SJS,L,C,77,5,3,8,-37,75,0.1,4,7,0,0,1,1,0,0,73,6.9,13:47,42.9
Jimmy Vesey,20242025,"NYR,COL",L,L,43,5,3,8,-4,0,0.19,5,8,0,0,0,0,0,0,36,13.9,10:39,20
Rasmus Kupari,20242025,WPG,R,C,59,5,3,8,-1,16,0.14,5,8,0,0,0,0,0,1,53,9.4,10:16,52.5
Ivan Ivan,20242025,COL,L,C,40,5,3,8,-9,8,0.2,3,5,2,3,0,0,0,0,34,14.7,10:02,40.9
Brock McGinn,20242025,ANA,L,L,26,4,4,8,1,0,0.31,4,8,0,0,0,0,0,0,30,13.3,11:43,12.5
Miles Wood,20242025,COL,L,L,37,4,4,8,-5,48,0.22,4,8,0,0,0,0,0,1,60,6.7,11:21,27.3
Wyatt Kaiser,20242025,CHI,L,D,57,4,4,8,0,14,0.14,4,8,0,0,0,0,0,0,66,6.1,18:07,--
Seamus Casey,20242025,NJD,R,D,14,4,4,8,3,0,0.57,2,5,2,3,0,0,0,1,12,33.3,12:39,--
Jordan Greenway,20242025,BUF,L,L,34,3,5,8,-4,45,0.24,3,8,0,0,0,0,0,0,36,8.3,15:04,20.6
Erik Brannstrom,20242025,VAN,L,D,28,3,5,8,-4,17,0.29,3,7,0,1,0,0,0,1,33,9.1,14:56,--
Matt Rempe,20242025,NYR,R,C,42,3,5,8,7,67,0.19,3,8,0,0,0,0,0,0,30,10,8:30,15.4
Justin Holl,20242025,DET,R,D,73,2,6,8,-7,16,0.11,2,8,0,0,0,0,0,0,41,4.9,14:48,--
Justin Kirkland,20242025,CGY,L,C,21,2,6,8,6,11,0.38,2,8,0,0,0,0,0,0,9,22.2,9:42,42.9
Jacob Bernard-Docker,20242025,"OTT,BUF",R,D,40,2,6,8,5,17,0.2,2,8,0,0,0,0,0,0,32,6.3,13:37,--
Luca Del Bel Belluz,20242025,CBJ,L,C,15,2,6,8,2,0,0.53,2,7,0,1,0,0,0,0,18,11.1,13:45,43.1
Victor Mancini,20242025,"NYR,VAN",R,D,31,2,6,8,-9,10,0.26,1,7,1,1,0,0,0,0,27,7.4,15:18,--
Jeff Petry,20242025,DET,R,D,44,1,7,8,-2,16,0.18,1,7,0,1,0,0,0,1,33,3,18:54,--
Jacob Moverare,20242025,LAK,L,D,49,1,7,8,2,10,0.16,1,8,0,0,0,0,0,0,30,3.3,11:52,--
Ty Dellandrea,20242025,SJS,R,C,68,1,7,8,-31,59,0.12,1,7,0,0,0,1,0,0,50,2,11:48,49.9
Jake Christiansen,20242025,CBJ,L,D,68,1,7,8,6,11,0.12,1,8,0,0,0,0,0,0,58,1.7,12:32,--
Cole Schwindt,20242025,VGK,R,R,42,1,7,8,3,0,0.19,1,8,0,0,0,0,0,0,32,3.1,9:15,50.5
Nolan Allan,20242025,CHI,L,D,43,1,7,8,-13,16,0.19,1,8,0,0,0,0,0,0,17,5.9,15:08,--
Calvin de Haan,20242025,"COL,NYR",L,D,47,0,8,8,-4,12,0.17,0,8,0,0,0,0,0,0,51,0,14:58,--
Hendrix Lapierre,20242025,WSH,L,C,27,0,8,8,-3,4,0.3,0,8,0,0,0,0,0,0,18,0,9:48,39.6
Luke Glendening,20242025,TBL,R,C,77,4,3,7,-9,10,0.09,3,5,0,0,1,2,0,0,51,7.8,10:47,57
Anthony Mantha,20242025,CGY,L,R,13,4,3,7,6,11,0.54,2,5,1,1,1,1,0,1,15,26.7,13:54,33.3
Sam Lafferty,20242025,BUF,R,C,60,4,3,7,-15,28,0.12,4,7,0,0,0,0,0,0,50,8,9:53,50.6
Noah Gregor,20242025,"OTT,SJS",L,L,52,4,3,7,-21,28,0.13,3,6,0,0,1,1,0,2,60,6.7,11:06,57.1
Mikael Pyyhtia,20242025,CBJ,L,L,47,4,3,7,-11,6,0.15,3,6,0,0,1,1,0,0,32,12.5,12:06,66.7
Samuel Helenius,20242025,LAK,L,C,50,4,3,7,1,25,0.14,4,7,0,0,0,0,0,1,29,13.8,8:39,46.4
Ethen Frank,20242025,WSH,R,C,24,4,3,7,3,6,0.29,4,6,0,1,0,0,0,1,23,17.4,10:49,0
Hampus Lindholm,20242025,BOS,L,D,17,3,4,7,-4,4,0.41,3,6,0,1,0,0,0,1,35,8.6,20:51,--
Troy Stecher,20242025,EDM,R,D,66,3,4,7,-2,27,0.11,3,7,0,0,0,0,0,0,55,5.5,13:52,--
Tyler Tucker,20242025,STL,L,D,38,3,4,7,4,55,0.18,3,6,0,0,0,1,0,0,33,9.1,14:35,--
Max Sasson,20242025,VAN,L,C,29,3,4,7,1,0,0.24,3,7,0,0,0,0,0,0,31,9.7,10:20,42.7
Justin Dowling,20242025,NJD,L,C,52,2,5,7,-6,6,0.13,2,7,0,0,0,0,0,0,34,5.9,10:13,48.3
Daniel Sprong,20242025,"VAN,SEA,NJD",R,R,30,2,5,7,-1,2,0.23,1,5,1,2,0,0,0,1,55,3.6,12:12,0
Jake Bean,20242025,CGY,L,D,64,2,5,7,0,8,0.11,2,7,0,0,0,0,0,0,71,2.8,15:05,--
Vladislav Kolyachonok,20242025,"UTA,PIT",L,D,35,2,5,7,-12,10,0.2,2,7,0,0,0,0,0,1,20,10,13:01,--
Colton Dach,20242025,CHI,L,C,25,2,5,7,-3,17,0.28,2,7,0,0,0,0,0,0,27,7.4,12:08,50
Luke Schenn,20242025,"NSH,WPG",R,D,76,1,6,7,-4,45,0.09,1,7,0,0,0,0,0,0,77,1.3,15:57,--
Travis Hamonic,20242025,OTT,R,D,59,1,6,7,-16,19,0.12,1,7,0,0,0,0,0,0,72,1.4,17:04,--
Calle Jarnkrok,20242025,TOR,R,C,19,1,6,7,1,4,0.37,0,6,1,1,0,0,0,0,9,11.1,13:14,22.2
Christian Fischer,20242025,"DET,CBJ",R,R,46,1,6,7,-6,11,0.15,1,7,0,0,0,0,0,0,31,3.2,11:07,56.3
Parker Wotherspoon,20242025,BOS,L,D,55,1,6,7,-10,10,0.13,1,7,0,0,0,0,0,0,44,2.3,18:02,--
Klim Kostin,20242025,SJS,L,C,35,1,6,7,-6,27,0.2,1,6,0,1,0,0,0,0,28,3.6,10:41,30.8
Emil Andrae,20242025,PHI,L,D,42,1,6,7,-5,16,0.17,1,4,0,3,0,0,0,0,52,1.9,17:21,--
Haydn Fleury,20242025,WPG,L,D,39,0,7,7,-12,6,0.18,0,7,0,0,0,0,0,0,38,0,15:56,--
Jacob Bryson,20242025,BUF,L,D,48,0,7,7,-9,10,0.15,0,7,0,0,0,0,0,0,20,0,14:24,--
Ville Koivunen,20242025,PIT,L,R,8,0,7,7,0,4,0.88,0,4,0,3,0,0,0,0,15,0,18:07,100
Nikita Nesterenko,20242025,ANA,L,C,20,4,2,6,-4,2,0.3,4,6,0,0,0,0,0,0,20,20,10:19,0
Oliver Wahlstrom,20242025,"NYI,BOS",R,R,43,3,3,6,-6,37,0.14,3,5,0,1,0,0,0,1,54,5.6,10:14,75
Linus Karlsson,20242025,VAN,R,C,23,3,3,6,5,6,0.26,2,4,1,2,0,0,0,1,28,10.7,10:56,20
Jonathan Lekkerimäki,20242025,VAN,R,R,24,3,3,6,-6,2,0.25,3,4,0,2,0,0,0,0,30,10,12:30,0
Jani Nyman,20242025,SEA,L,R,12,3,3,6,-3,4,0.5,1,3,2,3,0,0,0,0,22,13.6,13:59,100
Jon Merrill,20242025,MIN,L,D,70,2,4,6,-8,20,0.09,2,6,0,0,0,0,0,0,47,4.3,14:06,--
Zemgus Girgensons,20242025,TBL,L,C,82,2,4,6,-7,47,0.07,2,6,0,0,0,0,0,1,83,2.4,11:40,47.3
Matthew Highmore,20242025,OTT,L,C,41,2,4,6,-5,10,0.15,2,6,0,0,0,0,0,1,33,6.1,11:10,26.3
Anthony Richard,20242025,PHI,L,C,15,2,4,6,-3,0,0.4,2,5,0,1,0,0,0,0,19,10.5,12:22,0
Jansen Harkins,20242025,ANA,L,C,62,2,4,6,-13,21,0.1,2,6,0,0,0,0,0,1,49,4.1,10:56,53.4
David Gustafsson,20242025,WPG,L,C,36,2,4,6,10,7,0.17,2,6,0,0,0,0,0,0,30,6.7,8:59,50
Landon Slaggert,20242025,CHI,L,L,33,2,4,6,-7,23,0.18,2,6,0,0,0,0,0,1,34,5.9,12:18,0
Ethan Del Mastro,20242025,CHI,L,D,24,2,4,6,-3,6,0.25,2,6,0,0,0,0,0,0,19,10.5,18:19,--
Brendan Smith,20242025,DAL,L,D,32,1,5,6,-9,33,0.19,0,5,0,0,1,1,0,0,27,3.7,13:13,--
Phillip Di Giuseppe,20242025,VAN,L,L,20,1,5,6,-2,4,0.3,1,6,0,0,0,0,0,0,23,4.4,11:34,20
Derek Ryan,20242025,EDM,R,C,36,1,5,6,-4,12,0.17,1,6,0,0,0,0,0,0,20,5,9:21,60.4
Nick DeSimone,20242025,UTA,R,D,20,1,5,6,4,0,0.3,1,6,0,0,0,0,0,0,24,4.2,15:35,--
Nils Aman,20242025,VAN,L,C,19,1,5,6,-2,2,0.32,1,6,0,0,0,0,0,0,8,12.5,10:29,37.8
Scott Morrow,20242025,CAR,R,D,14,1,5,6,4,0,0.43,1,6,0,0,0,0,0,0,23,4.4,15:48,--
Arber Xhekaj,20242025,MTL,L,D,70,1,5,6,-13,118,0.09,1,6,0,0,0,0,0,0,69,1.5,14:37,--
Jack Johnson,20242025,CBJ,L,D,41,0,6,6,-13,2,0.15,0,6,0,0,0,0,0,0,23,0,12:52,--
Dennis Gilbert,20242025,"BUF,OTT",L,D,29,0,6,6,-3,50,0.21,0,6,0,0,0,0,0,0,9,0,10:29,--
Artyom Levshunov,20242025,CHI,R,D,18,0,6,6,-13,8,0.33,0,4,0,2,0,0,0,0,21,0,20:19,--
Vinni Lettieri,20242025,BOS,R,C,26,3,2,5,-9,6,0.19,3,5,0,0,0,0,0,0,52,5.8,13:31,50
Tyson Kozak,20242025,BUF,L,C,21,3,2,5,-2,2,0.24,2,4,1,1,0,0,0,0,11,27.3,10:29,46.2
Fraser Minten,20242025,"TOR,BOS",L,C,21,3,2,5,-5,2,0.24,3,4,0,1,0,0,0,1,24,12.5,13:01,45.8
Erik Johnson,20242025,"PHI,COL",R,D,36,2,3,5,1,15,0.14,2,4,0,0,0,1,0,0,37,5.4,14:35,--
Nick Leddy,20242025,STL,L,D,31,2,3,5,6,2,0.16,2,5,0,0,0,0,0,0,21,9.5,18:40,--
Curtis Lazar,20242025,NJD,R,C,48,2,3,5,-6,14,0.1,2,5,0,0,0,0,0,0,27,7.4,10:34,51.3
Ryan Shea,20242025,PIT,L,D,39,2,3,5,-9,14,0.13,2,4,0,1,0,0,0,0,19,10.5,16:44,--
Rodrigo Abols,20242025,PHI,L,C,22,2,3,5,-10,4,0.23,2,5,0,0,0,0,0,0,25,8,9:11,58.4
Philippe Myers,20242025,TOR,R,D,36,2,3,5,0,15,0.14,2,5,0,0,0,0,0,0,46,4.4,16:14,--
Juuso Välimäki,20242025,UTA,L,D,43,2,3,5,-5,14,0.12,2,5,0,0,0,0,0,0,40,5,16:33,--
Liam Ohgren,20242025,MIN,L,L,24,2,3,5,-6,2,0.21,2,4,0,1,0,0,0,1,32,6.3,11:06,--
Devin Shore,20242025,MIN,L,C,55,1,4,5,-8,6,0.09,1,5,0,0,0,0,0,0,41,2.4,8:39,49.5
Oliver Kylington,20242025,"COL,ANA",L,D,19,1,4,5,-2,8,0.26,1,5,0,0,0,0,0,0,6,16.7,12:18,--
Jordan Harris,20242025,CBJ,L,D,33,1,4,5,-1,6,0.15,1,5,0,0,0,0,0,0,15,6.7,11:23,--
Adam Wilsby,20242025,NSH,L,D,23,1,4,5,3,6,0.22,1,5,0,0,0,0,0,0,33,3,18:06,--
Isaiah George,20242025,NYI,L,D,33,1,4,5,-3,6,0.15,1,5,0,0,0,0,0,1,26,3.9,15:39,--
Olle Lycksell,20242025,PHI,L,R,19,0,5,5,-3,2,0.26,0,4,0,1,0,0,0,0,10,0,11:53,50
Nils Lundkvist,20242025,DAL,R,D,39,0,5,5,4,20,0.13,0,5,0,0,0,0,0,0,52,0,15:01,--
Sam Rinzel,20242025,CHI,R,D,9,0,5,5,1,0,0.56,0,2,0,3,0,0,0,0,22,0,23:22,--
Jonah Gadjovich,20242025,FLA,L,L,42,4,0,4,-7,60,0.1,4,4,0,0,0,0,0,2,43,9.3,8:27,60
Arthur Kaliyev,20242025,NYR,L,R,14,3,1,4,2,2,0.29,3,4,0,0,0,0,0,0,21,14.3,11:13,--
Louis Crevier,20242025,CHI,R,D,32,3,1,4,-6,10,0.13,3,4,0,0,0,0,0,0,28,10.7,17:17,--
Hudson Fasching,20242025,NYI,R,R,43,2,2,4,-4,6,0.09,2,4,0,0,0,0,0,0,51,3.9,11:05,20
Kieffer Bellows,20242025,NSH,L,L,19,2,2,4,-6,6,0.21,2,2,0,2,0,0,0,1,28,7.1,10:40,66.7
Logan Mailloux,20242025,MTL,R,D,7,2,2,4,-5,6,0.57,2,4,0,0,0,0,0,0,10,20,16:12,--
Simon Nemec,20242025,NJD,R,D,27,2,2,4,-10,14,0.15,2,2,0,2,0,0,0,1,26,7.7,14:59,--
John Klingberg,20242025,EDM,R,D,11,1,3,4,0,8,0.36,1,4,0,0,0,0,0,0,19,5.3,17:15,--
Ryan Graves,20242025,PIT,L,D,61,1,3,4,-15,29,0.07,1,4,0,0,0,0,0,0,39,2.6,14:59,--
Ross Johnston,20242025,ANA,L,L,43,1,3,4,-2,72,0.09,1,4,0,0,0,0,0,1,9,11.1,8:41,0
Lucas Carlsson,20242025,SJS,L,D,13,1,3,4,-2,14,0.31,1,4,0,0,0,0,0,1,15,6.7,19:22,--
Zack Ostapchuk,20242025,"OTT,SJS",L,C,56,1,3,4,-8,45,0.07,1,4,0,0,0,0,0,0,26,3.9,9:25,48.6
Ivan Miroshnichenko,20242025,WSH,R,L,18,1,3,4,1,0,0.22,1,3,0,1,0,0,0,0,14,7.1,9:21,--
Jimmy Snuggerud,20242025,STL,R,R,7,1,3,4,0,0,0.57,0,3,1,1,0,0,0,0,10,10,15:28,--
Nikolas Matinpalo,20242025,OTT,R,D,41,1,3,4,-2,20,0.1,1,4,0,0,0,0,0,0,43,2.3,12:37,--
Erik Gudbranson,20242025,CBJ,R,D,16,0,4,4,1,6,0.25,0,4,0,0,0,0,0,0,12,0,17:46,--
Rory Kerins,20242025,CGY,L,C,5,0,4,4,3,0,0.8,0,3,0,1,0,0,0,0,3,0,12:14,33.3
Oliver Moore,20242025,CHI,L,C,9,0,4,4,-2,4,0.44,0,4,0,0,0,0,0,0,10,0,13:35,40.7
Juha Jaaska,20242025,CAR,L,L,18,0,4,4,0,9,0.22,0,3,0,0,0,1,0,0,11,0,8:56,51.6
Austin Watson,20242025,DET,R,L,13,3,0,3,1,17,0.23,3,3,0,0,0,0,0,0,13,23.1,7:51,66.7
Nicolas Deslauriers,20242025,PHI,L,L,31,2,1,3,-9,15,0.1,2,3,0,0,0,0,0,0,25,8,7:38,33.3
Zack MacEwen,20242025,OTT,R,R,21,2,1,3,0,21,0.14,2,3,0,0,0,0,0,0,26,7.7,7:46,42.9
Kailer Yamamoto,20242025,UTA,R,R,12,2,1,3,-1,2,0.25,1,1,1,2,0,0,0,0,13,15.4,12:07,100
Valtteri Puustinen,20242025,PIT,R,R,13,2,1,3,-4,4,0.23,0,1,2,2,0,0,0,0,8,25,9:54,--
Walker Duehr,20242025,"CGY,SJS",R,R,24,2,1,3,-11,0,0.13,2,3,0,0,0,0,0,0,15,13.3,8:48,11.1
Nikita Chibrikov,20242025,WPG,L,R,4,2,1,3,1,0,0.75,2,2,0,1,0,0,0,0,6,33.3,11:24,--
Marc McLaughlin,20242025,"BOS,NJD",R,C,14,2,1,3,-2,0,0.21,2,3,0,0,0,0,0,0,13,15.4,9:12,43.8
Cam Lund,20242025,SJS,R,C,11,2,1,3,-10,4,0.27,1,2,1,1,0,0,0,0,12,16.7,11:30,66.7
Marc-Edouard Vlasic,20242025,SJS,L,D,27,1,2,3,-10,2,0.11,1,2,0,0,0,1,0,0,20,5,14:38,--
Tyson Barrie,20242025,CGY,R,D,13,1,2,3,-7,4,0.23,1,1,0,2,0,0,0,0,19,5.3,15:48,--
Matt Nieto,20242025,PIT,L,L,32,1,2,3,-8,4,0.09,1,2,0,1,0,0,0,0,31,3.2,12:15,40
Andreas Englund,20242025,"LAK,NSH",L,D,35,1,2,3,-9,48,0.09,1,3,0,0,0,0,0,0,17,5.9,13:16,--
Mitchell Stephens,20242025,SEA,R,C,28,1,2,3,-8,6,0.11,1,3,0,0,0,0,0,0,19,5.3,9:14,53.6
Akil Thomas,20242025,LAK,R,C,25,1,2,3,-4,7,0.12,1,3,0,0,0,0,0,0,20,5,9:55,43.9
Andre Lee,20242025,LAK,L,L,19,1,2,3,-5,11,0.16,1,3,0,0,0,0,0,1,18,5.6,9:10,--
Fabian Lysell,20242025,BOS,R,R,12,1,2,3,-4,6,0.25,0,2,1,1,0,0,0,1,21,4.8,13:27,--
David Jiricek,20242025,"CBJ,MIN",R,D,12,1,2,3,0,6,0.25,1,3,0,0,0,0,0,0,9,11.1,12:07,--
Maveric Lamoureux,20242025,UTA,R,D,15,1,2,3,3,42,0.2,1,3,0,0,0,0,0,0,17,5.9,16:07,--
Rutger McGroarty,20242025,PIT,L,R,8,1,2,3,0,0,0.38,1,3,0,0,0,0,0,0,11,9.1,14:37,0
Owen Pickering,20242025,PIT,L,D,25,1,2,3,-5,6,0.12,1,3,0,0,0,0,0,0,15,6.7,14:49,--
Elias Pettersson,20242025,VAN,L,D,28,1,2,3,-4,17,0.11,1,3,0,0,0,0,0,0,19,5.3,12:49,--
Kyle Burroughs,20242025,LAK,R,D,33,0,3,3,3,39,0.09,0,3,0,0,0,0,0,0,6,0,7:49,--
Dryden Hunt,20242025,CGY,L,L,5,0,3,3,-1,0,0.6,0,3,0,0,0,0,0,0,5,0,11:39,100
Vincent Desharnais,20242025,"VAN,PIT,SJS",R,D,51,0,3,3,-9,45,0.06,0,3,0,0,0,0,0,0,28,0,15:55,--
P.O Joseph,20242025,"STL,PIT",L,D,47,0,3,3,-22,45,0.06,0,3,0,0,0,0,0,0,42,0,15:16,--
Spencer Stastney,20242025,NSH,L,D,23,0,3,3,-7,4,0.13,0,3,0,0,0,0,0,0,15,0,16:11,--
Matthew Kessel,20242025,STL,R,D,29,0,3,3,-3,10,0.1,0,3,0,0,0,0,0,0,17,0,13:08,--
Joshua Roy,20242025,MTL,L,R,12,2,0,2,-6,2,0.17,2,2,0,0,0,0,0,0,14,14.3,11:01,100
Michael Sgarbossa,20242025,WSH,L,C,3,1,1,2,2,2,0.67,1,2,0,0,0,0,0,0,1,100,9:20,45
John Hayden,20242025,SEA,R,C,20,1,1,2,0,31,0.1,1,2,0,0,0,0,0,0,20,5,8:31,53.5
Nicolas Aube-Kubel,20242025,"BUF,NYR",R,R,22,1,1,2,-5,19,0.09,1,2,0,0,0,0,0,0,18,5.6,9:25,62.5
Max Jones,20242025,"BOS,EDM",L,L,26,1,1,2,-13,18,0.08,1,2,0,0,0,0,0,0,17,5.9,9:23,--
Ty Smith,20242025,CAR,L,D,8,1,1,2,1,4,0.25,0,1,1,1,0,0,0,0,14,7.1,13:40,--
Cole Reinhardt,20242025,OTT,L,L,17,1,1,2,-4,15,0.12,1,2,0,0,0,0,0,0,13,7.7,8:12,100
Alex Steeves,20242025,TOR,L,C,7,1,1,2,3,0,0.29,1,2,0,0,0,0,0,0,7,14.3,9:53,--
Justin Robidas,20242025,CAR,R,C,2,1,1,2,1,0,1,1,2,0,0,0,0,0,0,3,33.3,11:09,44.4
Kevin Korchinski,20242025,CHI,L,D,16,1,1,2,-5,8,0.13,1,2,0,0,0,0,0,0,14,7.1,17:05,--
Ivan Demidov,20242025,MTL,L,R,2,1,1,2,1,0,1,1,2,0,0,0,0,0,0,5,20,13:43,0
Ryan Reaves,20242025,TOR,R,R,35,0,2,2,-2,28,0.06,0,2,0,0,0,0,0,0,14,0,7:48,0
Robert Bortuzzo,20242025,UTA,R,D,17,0,2,2,-2,22,0.12,0,2,0,0,0,0,0,0,8,0,10:57,--
Matt Martin,20242025,NYI,L,L,32,0,2,2,-5,10,0.06,0,2,0,0,0,0,0,0,17,0,8:33,53.3
Tyler Johnson,20242025,BOS,R,C,9,0,2,2,-1,10,0.22,0,1,0,1,0,0,0,0,6,0,13:05,63.6
Dylan McIlrath,20242025,WSH,R,D,17,0,2,2,-3,28,0.12,0,2,0,0,0,0,0,0,10,0,11:39,--
Mike Reilly,20242025,NYI,L,D,18,0,2,2,-3,2,0.11,0,2,0,0,0,0,0,0,31,0,15:10,--
Ben Hutton,20242025,VGK,L,D,11,0,2,2,0,0,0.18,0,2,0,0,0,0,0,0,11,0,13:14,--
Liam O'Brien,20242025,UTA,L,C,28,0,2,2,1,50,0.07,0,2,0,0,0,0,0,0,34,0,9:18,0
Keaton Middleton,20242025,COL,L,D,41,0,2,2,0,28,0.05,0,2,0,0,0,0,0,0,44,0,11:29,--
Grant Hutton,20242025,NYI,R,D,13,0,2,2,1,4,0.15,0,2,0,0,0,0,0,0,10,0,13:28,--
John Ludvig,20242025,COL,L,D,8,0,2,2,-4,6,0.25,0,2,0,0,0,0,0,0,9,0,12:57,--
Noah Philp,20242025,EDM,R,C,15,0,2,2,1,2,0.13,0,2,0,0,0,0,0,0,17,0,9:05,39.2
Brennan Othmann,20242025,NYR,L,L,22,0,2,2,7,2,0.09,0,2,0,0,0,0,0,0,20,0,9:58,0
Oliver Kapanen,20242025,MTL,R,C,18,0,2,2,-5,2,0.11,0,1,0,1,0,0,0,0,16,0,10:53,42.9
Luca Cagnoni,20242025,SJS,L,D,6,0,2,2,-4,8,0.33,0,1,0,1,0,0,0,0,7,0,17:39,--
Chris Wagner,20242025,COL,R,R,28,1,0,1,-8,14,0.04,1,1,0,0,0,0,0,0,29,3.5,7:06,44.4
Andreas Athanasiou,20242025,CHI,L,C,8,1,0,1,-1,0,0.13,1,1,0,0,0,0,0,0,8,12.5,10:02,46.4
Clark Bishop,20242025,CGY,L,C,6,1,0,1,-2,0,0.17,1,1,0,0,0,0,0,0,4,25,7:15,38.9
Bokondji Imama,20242025,PIT,L,L,16,1,0,1,2,30,0.06,1,1,0,0,0,0,0,1,10,10,5:40,--
Joona Koppanen,20242025,PIT,L,L,11,1,0,1,-3,0,0.09,1,1,0,0,0,0,0,0,10,10,13:23,39.1
Tanner Laczynski,20242025,VGK,R,C,8,1,0,1,-1,6,0.13,1,1,0,0,0,0,0,0,2,50,8:36,43.2
Skyler Brind'Amour,20242025,CAR,L,C,2,1,0,1,-3,2,0.5,1,1,0,0,0,0,0,0,1,100,16:35,68
Patrick Giles,20242025,"FLA,SJS",R,R,17,1,0,1,-3,0,0.06,1,1,0,0,0,0,0,0,15,6.7,9:14,34
Michael Callahan,20242025,BOS,L,D,17,1,0,1,-5,7,0.06,1,1,0,0,0,0,0,0,9,11.1,14:09,--
John Farinacci,20242025,BOS,R,C,1,1,0,1,1,0,1,1,1,0,0,0,0,0,0,1,100,10:58,75
Matěj  Blümel,20242025,DAL,L,R,7,1,0,1,-1,0,0.14,1,1,0,0,0,0,0,0,10,10,8:26,--
Justin Sourdif,20242025,FLA,R,R,1,1,0,1,1,0,1,1,1,0,0,0,0,0,1,2,50,9:27,--
Isaak Phillips,20242025,CHI,L,D,3,1,0,1,0,0,0.33,1,1,0,0,0,0,0,0,3,33.3,11:54,--
Ethan Cardwell,20242025,SJS,R,R,6,1,0,1,-2,2,0.17,1,1,0,0,0,0,0,0,5,20,11:32,50
Callahan Burke,20242025,VGK,R,C,7,1,0,1,2,2,0.14,1,1,0,0,0,0,0,0,12,8.3,10:50,100
Dylan Duke,20242025,TBL,L,L,2,1,0,1,0,0,0.5,1,1,0,0,0,0,0,0,1,100,7:52,--
Arshdeep Bains,20242025,VAN,L,L,13,1,0,1,-5,0,0.08,1,1,0,0,0,0,0,1,8,12.5,10:30,75
Declan Carlile,20242025,TBL,L,D,3,1,0,1,2,0,0.33,1,1,0,0,0,0,0,0,3,33.3,13:00,--
Taylor Ward,20242025,LAK,R,R,1,1,0,1,0,0,1,0,0,1,1,0,0,0,0,4,25,14:52,100
Lucas Condotta,20242025,MTL,L,L,7,1,0,1,-2,0,0.14,1,1,0,0,0,0,0,0,5,20,8:12,58.6
Wyatt Aamodt,20242025,COL,L,D,2,1,0,1,1,0,0.5,1,1,0,0,0,0,0,0,3,33.3,17:07,--
Parker Ford,20242025,WPG,R,C,3,1,0,1,1,2,0.33,1,1,0,0,0,0,0,0,2,50,7:50,--
Ryan Leonard,20242025,WSH,R,R,9,1,0,1,-4,11,0.11,1,1,0,0,0,0,0,0,17,5.9,14:11,100
Calum Ritchie,20242025,COL,R,C,7,1,0,1,-7,0,0.14,1,1,0,0,0,0,0,0,11,9.1,12:47,42.9
Zayne Parekh,20242025,CGY,R,D,1,1,0,1,3,2,1,1,1,0,0,0,0,0,0,2,50,20:31,--
Sam Morton,20242025,CGY,L,C,1,1,0,1,1,0,1,1,1,0,0,0,0,0,1,1,100,12:25,57.1
Kevin Gravel,20242025,NSH,L,D,6,0,1,1,3,0,0.17,0,1,0,0,0,0,0,0,6,0,17:50,--
T.J. Tynan,20242025,COL,R,C,9,0,1,1,-1,4,0.11,0,1,0,0,0,0,0,0,5,0,7:51,33.3
Joseph LaBate,20242025,CBJ,L,C,6,0,1,1,1,10,0.17,0,1,0,0,0,0,0,0,3,0,9:06,0
Brendan Gaunce,20242025,MIN,L,C,12,0,1,1,-4,4,0.08,0,1,0,0,0,0,0,0,11,0,9:42,48.2
Chad Ruhwedel,20242025,NYR,R,D,5,0,1,1,2,0,0.2,0,1,0,0,0,0,0,0,1,0,14:06,--
Joshua Brown,20242025,EDM,R,D,10,0,1,1,-2,11,0.1,0,1,0,0,0,0,0,0,9,0,12:37,--
Dakota Mermis,20242025,"UTA,TOR",L,D,4,0,1,1,-2,2,0.25,0,1,0,0,0,0,0,0,6,0,15:12,--
Patrick Brown,20242025,BOS,R,C,15,0,1,1,-2,8,0.07,0,1,0,0,0,0,0,0,11,0,10:34,45.5
William Lagesson,20242025,DET,L,D,7,0,1,1,-1,4,0.14,0,1,0,0,0,0,0,0,5,0,14:34,--
Jeremy Lauzon,20242025,NSH,L,D,28,0,1,1,-4,37,0.04,0,1,0,0,0,0,0,0,25,0,17:58,--
Andrew Poturalski,20242025,SJS,R,C,3,0,1,1,-1,2,0.33,0,1,0,0,0,0,0,0,5,0,14:27,48.8
Joey Anderson,20242025,CHI,R,R,18,0,1,1,-2,0,0.06,0,1,0,0,0,0,0,0,17,0,12:24,60
Drake Caggiula,20242025,EDM,L,L,7,0,1,1,0,5,0.14,0,1,0,0,0,0,0,0,6,0,7:18,100
Dominik Shine,20242025,DET,R,R,9,0,1,1,-1,15,0.11,0,1,0,0,0,0,0,0,5,0,8:39,--
Cale Fleury,20242025,SEA,R,D,14,0,1,1,1,0,0.07,0,1,0,0,0,0,0,0,16,0,12:52,--
Jaret Anderson-Dolan,20242025,WPG,L,C,7,0,1,1,3,4,0.14,0,1,0,0,0,0,0,0,8,0,9:56,50
Ian Mitchell,20242025,BOS,R,D,15,0,1,1,-2,2,0.07,0,1,0,0,0,0,0,0,10,0,15:36,--
Emil Bemstrom,20242025,PIT,R,C,14,0,1,1,0,0,0.07,0,1,0,0,0,0,0,0,13,0,8:20,66.7
Jack St. Ivany,20242025,PIT,R,D,19,0,1,1,-3,17,0.05,0,1,0,0,0,0,0,0,12,0,16:22,--
Angus Crookshank,20242025,OTT,L,L,8,0,1,1,-1,0,0.13,0,1,0,0,0,0,0,0,9,0,9:50,33.3
Nolan Foote,20242025,NJD,L,L,7,0,1,1,0,0,0.14,0,1,0,0,0,0,0,0,5,0,9:49,50
Ville Heinola,20242025,WPG,L,D,18,0,1,1,6,4,0.06,0,1,0,0,0,0,0,0,12,0,14:11,--
Sam Poulin,20242025,PIT,L,R,7,0,1,1,1,2,0.14,0,1,0,0,0,0,0,0,3,0,10:04,--
Danil Gushchin,20242025,SJS,L,L,12,0,1,1,-3,6,0.08,0,1,0,0,0,0,0,0,16,0,12:18,100
Ozzy Wiesblatt,20242025,NSH,R,C,5,0,1,1,1,0,0.2,0,1,0,0,0,0,0,0,4,0,11:06,--
Helge Grans,20242025,PHI,R,D,6,0,1,1,0,2,0.17,0,1,0,0,0,0,0,0,5,0,14:28,--
Ian Moore,20242025,ANA,R,D,3,0,1,1,1,0,0.33,0,1,0,0,0,0,0,0,4,0,13:38,--
Jeff Malott,20242025,LAK,L,L,12,0,1,1,-1,7,0.08,0,1,0,0,0,0,0,0,13,0,10:17,50
Ilya Solovyov,20242025,CGY,L,D,5,0,1,1,-3,2,0.2,0,1,0,0,0,0,0,0,6,0,15:40,--
Mike Hardman,20242025,NJD,L,L,2,0,1,1,0,0,0.5,0,1,0,0,0,0,0,0,2,0,9:03,0
Matt Kiersted,20242025,FLA,L,D,2,0,1,1,1,2,0.5,0,1,0,0,0,0,0,0,0,--,12:41,--
Ryan Winterton,20242025,SEA,R,C,12,0,1,1,-11,2,0.08,0,1,0,0,0,0,0,0,15,0,10:50,50
Isak Rosen,20242025,BUF,L,R,8,0,1,1,-3,0,0.13,0,1,0,0,0,0,0,0,8,0,9:38,--
Ville Ottavainen,20242025,SEA,R,D,1,0,1,1,0,0,1,0,1,0,0,0,0,0,0,1,0,14:24,--
Owen Beck,20242025,MTL,R,C,12,0,1,1,-2,0,0.08,0,1,0,0,0,0,0,0,10,0,9:59,53.9
Brad Lambert,20242025,WPG,R,C,5,0,1,1,0,2,0.2,0,1,0,0,0,0,0,0,1,0,11:36,33.3
Matt Savoie,20242025,EDM,R,C,4,0,1,1,-4,0,0.25,0,1,0,0,0,0,0,0,6,0,12:31,66.7
Georgii Merkulov,20242025,BOS,L,C,6,0,1,1,-1,2,0.17,0,1,0,0,0,0,0,0,7,0,13:44,0
Bradly Nadeau,20242025,CAR,R,L,2,0,1,1,0,0,0.5,0,1,0,0,0,0,0,0,8,0,11:29,--
Matthew Wood,20242025,NSH,R,R,6,0,1,1,0,2,0.17,0,1,0,0,0,0,0,0,8,0,11:35,33.3
Justin Hryckowian,20242025,DAL,L,C,5,0,1,1,1,0,0.2,0,1,0,0,0,0,0,0,3,0,7:53,60
Arttu Hyry,20242025,DAL,R,R,5,0,1,1,0,0,0.2,0,1,0,0,0,0,0,0,5,0,9:05,68.8
Alexander Petrovic,20242025,DAL,R,D,5,0,0,0,-2,4,0,0,0,0,0,0,0,0,0,5,0,14:06,--
Jani Hakanpää,20242025,TOR,R,D,2,0,0,0,-1,0,0,0,0,0,0,0,0,0,0,2,0,14:05,--
Travis Boyd,20242025,MIN,R,C,3,0,0,0,0,0,0,0,0,0,0,0,0,0,0,0,--,7:48,--
Dominic Toninato,20242025,WPG,L,C,5,0,0,0,0,0,0,0,0,0,0,0,0,0,0,2,0,8:16,60
Matthew Benning,20242025,SJS,R,D,7,0,0,0,-5,4,0,0,0,0,0,0,0,0,0,7,0,13:02,--
Jaycob Megna,20242025,FLA,L,D,8,0,0,0,-2,2,0,0,0,0,0,0,0,0,0,5,0,16:06,--
Kurtis MacDermid,20242025,NJD,L,L,23,0,0,0,-5,23,0,0,0,0,0,0,0,0,0,7,0,5:47,--
Scott Sabourin,20242025,SJS,R,R,1,0,0,0,-2,0,0,0,0,0,0,0,0,0,0,0,--,10:27,--
Robert Hagg,20242025,VGK,L,D,2,0,0,0,0,0,0,0,0,0,0,0,0,0,0,0,--,11:09,--
Steven Santini,20242025,TBL,R,D,1,0,0,0,0,0,0,0,0,0,0,0,0,0,0,1,0,11:37,--
Conor Sheary,20242025,TBL,L,L,5,0,0,0,-2,4,0,0,0,0,0,0,0,0,0,3,0,11:20,0
Sonny Milano,20242025,WSH,L,L,3,0,0,0,-3,0,0,0,0,0,0,0,0,0,0,4,0,7:13,--
Mark Friedman,20242025,VAN,R,D,5,0,0,0,-4,10,0,0,0,0,0,0,0,0,0,4,0,14:04,--
Hayden Hodgson,20242025,OTT,R,R,2,0,0,0,-2,5,0,0,0,0,0,0,0,0,0,2,0,8:35,--
Colin White,20242025,SJS,R,C,3,0,0,0,-1,0,0,0,0,0,0,0,0,0,0,1,0,7:18,23.1
Travis Dermott,20242025,"EDM,MIN",L,D,19,0,0,0,-3,2,0,0,0,0,0,0,0,0,0,8,0,12:16,--
Caleb Jones,20242025,LAK,L,D,6,0,0,0,-1,2,0,0,0,0,0,0,0,0,0,6,0,12:34,--
Noah Juulsen,20242025,VAN,R,D,35,0,0,0,-12,21,0,0,0,0,0,0,0,0,0,26,0,16:17,--
Guillaume Brisebois,20242025,VAN,L,D,3,0,0,0,0,0,0,0,0,0,0,0,0,0,0,2,0,15:48,--
Kyle Capobianco,20242025,DAL,L,D,1,0,0,0,-2,4,0,0,0,0,0,0,0,0,0,0,--,11:23,--
Julien Gauthier,20242025,NYI,R,R,1,0,0,0,0,0,0,0,0,0,0,0,0,0,0,0,--,7:42,--
Rasmus Asplund,20242025,FLA,L,C,6,0,0,0,-2,2,0,0,0,0,0,0,0,0,0,2,0,7:56,60
Cam Dineen,20242025,EDM,L,D,4,0,0,0,0,0,0,0,0,0,0,0,0,0,0,8,0,17:11,--
Riley Tufte,20242025,BOS,L,L,6,0,0,0,-3,4,0,0,0,0,0,0,0,0,0,1,0,9:12,50
Givani Smith,20242025,"SJS,COL",L,R,13,0,0,0,-3,18,0,0,0,0,0,0,0,0,0,5,0,6:20,--
Riley Stillman,20242025,CAR,L,D,5,0,0,0,-1,7,0,0,0,0,0,0,0,0,0,1,0,7:11,--
Brett Murray,20242025,BUF,L,L,3,0,0,0,-2,0,0,0,0,0,0,0,0,0,0,0,--,7:55,--
Alexander Nylander,20242025,TOR,R,L,5,0,0,0,-1,4,0,0,0,0,0,0,0,0,0,4,0,9:53,75
Michael Pezzetta,20242025,MTL,L,L,25,0,0,0,-2,24,0,0,0,0,0,0,0,0,0,14,0,5:56,25
Nathan Clurman,20242025,PIT,R,D,1,0,0,0,0,2,0,0,0,0,0,0,0,0,0,4,0,11:05,--
Dylan Coghlan,20242025,WPG,R,D,6,0,0,0,1,4,0,0,0,0,0,0,0,0,0,9,0,15:21,--
Jeffrey Viel,20242025,BOS,L,L,5,0,0,0,-1,14,0,0,0,0,0,0,0,0,0,3,0,7:41,100
Alex Barré-Boulet,20242025,MTL,L,C,2,0,0,0,-2,2,0,0,0,0,0,0,0,0,0,0,--,10:10,--
Tye Felhaber,20242025,COL,L,L,5,0,0,0,-1,0,0,0,0,0,0,0,0,0,0,2,0,5:31,--
Jonas Rondbjerg,20242025,VGK,L,R,13,0,0,0,-4,0,0,0,0,0,0,0,0,0,0,11,0,9:38,20
Shane Bowers,20242025,NJD,L,C,4,0,0,0,-1,0,0,0,0,0,0,0,0,0,0,2,0,8:15,100
Cameron Crotty,20242025,MIN,R,D,1,0,0,0,-1,0,0,0,0,0,0,0,0,0,0,0,--,5:08,--
Ben Jones,20242025,MIN,L,C,26,0,0,0,-3,10,0,0,0,0,0,0,0,0,0,24,0,8:23,48
Alex Alexeyev,20242025,WSH,L,D,8,0,0,0,2,0,0,0,0,0,0,0,0,0,0,7,0,16:04,--
Grigori Denisenko,20242025,VGK,R,L,1,0,0,0,0,2,0,0,0,0,0,0,0,0,0,0,--,8:27,0
Liam Foudy,20242025,NYI,L,C,2,0,0,0,-1,0,0,0,0,0,0,0,0,0,0,1,0,7:27,--
Adam Ginning,20242025,PHI,L,D,1,0,0,0,-1,0,0,0,0,0,0,0,0,0,0,0,--,12:48,--
Jan Jenik,20242025,OTT,L,C,2,0,0,0,-1,0,0,0,0,0,0,0,0,0,0,0,--,7:42,33.3
Rafael Harvey-Pinard,20242025,MTL,L,L,1,0,0,0,0,0,0,0,0,0,0,0,0,0,0,0,--,8:54,--
Reese Johnson,20242025,MIN,R,C,3,0,0,0,0,0,0,0,0,0,0,0,0,0,0,1,0,9:32,--
Jake Lucchini,20242025,NSH,L,C,3,0,0,0,-2,2,0,0,0,0,0,0,0,0,0,2,0,11:29,50
Corey Schueneman,20242025,STL,L,D,4,0,0,0,0,0,0,0,0,0,0,0,0,0,0,4,0,14:03,--
Mason Morelli,20242025,VGK,L,L,1,0,0,0,-1,0,0,0,0,0,0,0,0,0,0,0,--,7:31,--
Jimmy Schuldt,20242025,SJS,L,D,8,0,0,0,-2,0,0,0,0,0,0,0,0,0,0,4,0,13:47,--
Matthew Robertson,20242025,NYR,L,D,2,0,0,0,3,0,0,0,0,0,0,0,0,0,0,2,0,17:38,--
Raphael Lavoie,20242025,VGK,R,C,9,0,0,0,-4,2,0,0,0,0,0,0,0,0,0,10,0,10:05,0
Daniil Misyul,20242025,NJD,L,D,1,0,0,0,-1,0,0,0,0,0,0,0,0,0,0,0,--,12:23,--
Samuel Bolduc,20242025,NYI,L,D,1,0,0,0,-1,0,0,0,0,0,0,0,0,0,0,0,--,5:56,--
Domenick Fensore,20242025,CAR,L,D,2,0,0,0,0,2,0,0,0,0,0,0,0,0,0,5,0,19:04,--
Ryan Johnson,20242025,BUF,L,D,3,0,0,0,-2,4,0,0,0,0,0,0,0,0,0,3,0,17:40,--
Ryan Suzuki,20242025,CAR,L,C,2,0,0,0,1,0,0,0,0,0,0,0,0,0,0,0,--,6:36,57.1
Nathan Légaré,20242025,NJD,R,R,3,0,0,0,-1,0,0,0,0,0,0,0,0,0,0,3,0,10:41,--
Tobias Bjornfot,20242025,FLA,L,D,14,0,0,0,-3,2,0,0,0,0,0,0,0,0,0,10,0,13:06,--
Maxwell Crozier,20242025,TBL,R,D,5,0,0,0,0,0,0,0,0,0,0,0,0,0,0,8,0,16:41,--
Matt Stienburg,20242025,COL,R,C,8,0,0,0,0,22,0,0,0,0,0,0,0,0,0,4,0,6:05,--
Jacob Gaucher,20242025,PHI,R,C,4,0,0,0,0,0,0,0,0,0,0,0,0,0,0,3,0,7:21,66.7
Connor Mackey,20242025,NYR,L,D,2,0,0,0,0,5,0,0,0,0,0,0,0,0,0,1,0,16:08,--
Jack Ahcan,20242025,COL,L,D,2,0,0,0,0,2,0,0,0,0,0,0,0,0,0,1,0,15:48,--
Jack Finley,20242025,TBL,R,C,1,0,0,0,1,0,0,0,0,0,0,0,0,0,0,1,0,8:25,60
Daemon Hunt,20242025,MIN,L,D,1,0,0,0,0,0,0,0,0,0,0,0,0,0,0,2,0,8:01,--
Vasily Ponomarev,20242025,PIT,L,C,7,0,0,0,-1,2,0,0,0,0,0,0,0,0,0,8,0,10:02,51.9
Donovan Sebrango,20242025,OTT,L,D,2,0,0,0,-1,0,0,0,0,0,0,0,0,0,0,0,--,10:19,--
Thomas Bordeleau,20242025,SJS,L,C,1,0,0,0,0,0,0,0,0,0,0,0,0,0,0,1,0,10:38,100
Brendan Brisson,20242025,VGK,L,C,9,0,0,0,-3,0,0,0,0,0,0,0,0,0,0,7,0,9:52,--
Riley Duran,20242025,BOS,R,C,2,0,0,0,-1,2,0,0,0,0,0,0,0,0,0,5,0,12:44,50
Chase Bradley,20242025,COL,L,L,2,0,0,0,0,0,0,0,0,0,0,0,0,0,0,0,--,5:35,--
Josh Dunne,20242025,BUF,L,C,2,0,0,0,-3,5,0,0,0,0,0,0,0,0,0,1,0,7:06,28.6
Oskar Olausson,20242025,COL,L,R,2,0,0,0,0,0,0,0,0,0,0,0,0,0,0,3,0,6:49,--
Ryan Ufko,20242025,NSH,R,D,1,0,0,0,0,0,0,0,0,0,0,0,0,0,0,0,--,15:37,--
James Malatesta,20242025,CBJ,L,L,2,0,0,0,-1,0,0,0,0,0,0,0,0,0,0,0,--,10:34,100
Carter Mazur,20242025,DET,R,L,1,0,0,0,0,0,0,0,0,0,0,0,0,0,0,0,--,1:10,--
Michael Milne,20242025,MIN,L,L,1,0,0,0,0,0,0,0,0,0,0,0,0,0,0,0,--,6:34,--
Jacob Melanson,20242025,SEA,R,R,1,0,0,0,0,0,0,0,0,0,0,0,0,0,0,0,--,9:53,--
Frederic Brunet,20242025,BOS,L,D,1,0,0,0,-1,0,0,0,0,0,0,0,0,0,0,2,0,14:23,--
Ryan Greene,20242025,CHI,R,C,2,0,0,0,0,0,0,0,0,0,0,0,0,0,0,1,0,13:12,33.3
Devin Kaplan,20242025,PHI,R,R,1,0,0,0,-1,0,0,0,0,0,0,0,0,0,0,0,--,12:12,--
Joakim Kemell,20242025,NSH,R,R,2,0,0,0,0,0,0,0,0,0,0,0,0,0,0,8,0,10:21,--
Kirill Kudryavtsev,20242025,VAN,L,D,2,0,0,0,1,0,0,0,0,0,0,0,0,0,0,2,0,14:08,--
Tristan Luneau,20242025,ANA,R,D,6,0,0,0,-5,2,0,0,0,0,0,0,0,0,0,6,0,16:33,--
Noah Ostlund,20242025,BUF,L,C,8,0,0,0,-6,2,0,0,0,0,0,0,0,0,0,4,0,10:33,36.4
Brian Halonen,20242025,NJD,R,L,2,0,0,0,-1,0,0,0,0,0,0,0,0,0,0,2,0,13:54,--
Owen Sillinger,20242025,CBJ,L,C,1,0,0,0,0,2,0,0,0,0,0,0,0,0,0,0,--,13:09,40
Ben Meyers,20242025,SEA,L,C,8,0,0,0,-2,2,0,0,0,0,0,0,0,0,0,4,0,8:21,49
Nikita Grebenkin,20242025,TOR,L,R,7,0,0,0,-3,2,0,0,0,0,0,0,0,0,0,2,0,8:45,100
Hunter Brzustewicz,20242025,CGY,R,D,1,0,0,0,2,2,0,0,0,0,0,0,0,0,0,2,0,18:23,--
Dalibor Dvorsky,20242025,STL,L,R,2,0,0,0,0,0,0,0,0,0,0,0,0,0,0,2,0,9:25,50
Samuel Honzek,20242025,CGY,L,L,5,0,0,0,-1,2,0,0,0,0,0,0,0,0,0,6,0,12:24,0
Gabe Perreault,20242025,NYR,L,R,5,0,0,0,-1,0,0,0,0,0,0,0,0,0,0,5,0,14:26,0
Aydar Suniev,20242025,CGY,L,L,1,0,0,0,2,0,0,0,0,0,0,0,0,0,0,1,0,14:48,--
Jason Polin,20242025,COL,R,R,2,0,0,0,0,0,0,0,0,0,0,0,0,0,0,3,0,5:11,100
Ty Mueller,20242025,VAN,L,C,2,0,0,0,0,2,0,0,0,0,0,0,0,0,0,1,0,10:18,33.3
Jett Luchanko,20242025,PHI,R,C,4,0,0,0,-3,2,0,0,0,0,0,0,0,0,0,3,0,14:03,46
Jacob Quillan,20242025,TOR,L,C,1,0,0,0,0,0,0,0,0,0,0,0,0,0,0,0,--,5:21,--
Jere Innala,20242025,COL,L,L,17,0,0,0,-3,2,0,0,0,0,0,0,0,0,0,8,0,7:09,33.3
Nikita Prishchepov,20242025,COL,L,C,10,0,0,0,0,0,0,0,0,0,0,0,0,0,0,4,0,6:22,--
Jack Williams,20242025,CBJ,R,R,1,0,0,0,1,0,0,0,0,0,0,0,0,0,0,0,--,11:09,45.5
Karsen Dorwart,20242025,PHI,L,L,5,0,0,0,-1,2,0,0,0,0,0,0,0,0,0,4,0,10:59,40
Quinn Hutson,20242025,EDM,R,R,2,0,0,0,0,2,0,0,0,0,0,0,0,0,0,1,0,13:26,--
Tim Washe,20242025,ANA,L,C,2,0,0,0,0,0,0,0,0,0,0,0,0,0,0,2,0,7:44,50
